"note_t-2","note_t-1","label"
62,62,62
62,62,62
62,62,62
62,62,64
62,64,64
64,64,64
64,64,64
64,64,66
64,66,67
66,67,69
67,69,69
69,69,67
69,67,66
67,66,66
66,66,64
66,64,69
64,69,66
69,66,66
66,66,66
66,66,66
66,66,67
66,67,64
67,64,64
64,64,64
64,64,66
64,66,67
66,67,66
67,66,64
66,64,62
64,62,61
62,61,62
61,62,62
62,62,62
62,62,62
62,62,62
62,62,62
62,62,62
62,62,64
62,64,64
64,64,64
64,64,64
64,64,66
64,66,67
66,67,69
67,69,69
69,69,67
69,67,66
67,66,66
66,66,64
66,64,64
64,64,69
64,69,66
69,66,66
66,66,66
66,66,66
66,66,67
66,67,64
67,64,64
64,64,64
64,64,64
64,64,66
64,66,67
66,67,66
67,66,64
66,64,62
64,62,61
62,61,62
61,62,62
62,62,57
62,57,62
57,62,62
62,62,62
62,62,62
62,62,64
62,64,64
64,64,64
64,64,64
64,64,66
64,66,67
66,67,69
67,69,69
69,69,67
69,67,66
67,66,66
66,66,64
66,64,64
64,64,69
64,69,66
69,66,66
66,66,66
66,66,66
66,66,66
66,66,67
66,67,64
67,64,64
64,64,64
64,64,64
64,64,66
64,66,67
66,67,66
67,66,64
66,64,62
64,62,61
62,61,62
61,62,62
62,62,67
62,67,69
67,69,67
69,67,65
67,65,64
65,64,65
64,65,67
65,67,62
67,62,64
62,64,65
64,65,64
65,64,65
64,65,67
65,67,67
67,67,69
67,69,67
69,67,65
67,65,64
65,64,65
64,65,67
65,67,62
67,62,67
62,67,64
67,64,60
64,60,67
60,67,69
67,69,67
69,67,65
67,65,64
65,64,65
64,65,67
65,67,62
67,62,64
62,64,65
64,65,64
65,64,65
64,65,67
65,67,67
67,67,69
67,69,67
69,67,65
67,65,64
65,64,65
64,65,67
65,67,62
67,62,67
62,67,64
67,64,60
64,60,67
60,67,69
67,69,67
69,67,65
67,65,64
65,64,65
64,65,67
65,67,62
67,62,64
62,64,65
64,65,64
65,64,65
64,65,67
65,67,67
67,67,69
67,69,67
69,67,65
67,65,64
65,64,65
64,65,67
65,67,62
67,62,67
62,67,64
67,64,60
64,60,67
60,67,69
67,69,67
69,67,65
67,65,64
65,64,65
64,65,67
65,67,62
67,62,64
62,64,65
64,65,64
65,64,65
64,65,67
65,67,67
67,67,69
67,69,67
69,67,65
67,65,64
65,64,65
64,65,67
65,67,62
67,62,67
62,67,64
67,64,60
64,60,67
60,67,69
67,69,67
69,67,65
67,65,64
65,64,65
64,65,67
65,67,62
67,62,64
62,64,65
64,65,64
65,64,65
64,65,67
65,67,67
67,67,69
67,69,67
69,67,65
67,65,64
65,64,65
64,65,67
65,67,62
67,62,67
62,67,64
67,64,60
64,60,67
60,67,69
67,69,67
69,67,65
67,65,64
65,64,65
64,65,67
65,67,62
67,62,64
62,64,65
64,65,64
65,64,65
64,65,67
65,67,67
67,67,69
67,69,67
69,67,65
67,65,64
65,64,65
64,65,67
65,67,62
67,62,67
62,67,64
67,64,60
64,60,67
60,67,69
67,69,67
69,67,65
67,65,64
65,64,65
64,65,67
65,67,62
67,62,64
62,64,65
64,65,64
65,64,65
64,65,67
65,67,67
67,67,69
67,69,67
69,67,65
67,65,64
65,64,65
64,65,67
65,67,62
67,62,67
62,67,64
67,64,60
64,60,67
60,67,69
67,69,67
69,67,65
67,65,64
65,64,64
64,64,65
64,65,67
65,67,62
67,62,62
62,62,64
62,64,65
64,65,64
65,64,64
64,64,65
64,65,67
65,67,67
67,67,69
67,69,67
69,67,65
67,65,64
65,64,64
64,64,65
64,65,67
65,67,62
67,62,67
62,67,64
67,64,60
64,60,67
60,67,67
67,67,69
67,69,67
69,67,65
67,65,65
65,65,64
65,64,64
64,64,65
64,65,67
65,67,62
67,62,62
62,62,64
62,64,65
64,65,64
65,64,64
64,64,65
64,65,67
65,67,67
67,67,67
67,67,69
67,69,67
69,67,65
67,65,65
65,65,64
65,64,64
64,64,65
64,65,67
65,67,62
67,62,67
62,67,64
67,64,60
64,60,63
60,63,60
63,60,60
60,60,60
60,60,60
60,60,63
60,63,63
63,63,61
63,61,63
61,63,61
63,61,60
61,60,58
60,58,63
58,63,63
63,63,63
63,63,65
63,65,63
65,63,63
63,63,63
63,63,63
63,63,65
63,65,63
65,63,63
63,63,60
63,60,56
60,56,56
56,56,60
56,60,60
60,60,60
60,60,63
60,63,61
63,61,58
61,58,60
58,60,56
60,56,60
56,60,60
60,60,60
60,60,63
60,63,61
63,61,58
61,58,56
58,56,64
56,64,61
64,61,61
61,61,61
61,61,61
61,61,64
61,64,64
64,64,62
64,62,64
62,64,62
64,62,61
62,61,59
61,59,64
59,64,64
64,64,64
64,64,66
64,66,64
66,64,64
64,64,64
64,64,64
64,64,66
64,66,64
66,64,64
64,64,61
64,61,57
61,57,57
57,57,61
57,61,61
61,61,61
61,61,61
61,61,61
61,61,61
61,61,64
61,64,62
64,62,62
62,62,59
62,59,61
59,61,61
61,61,57
61,57,61
57,61,61
61,61,61
61,61,61
61,61,61
61,61,61
61,61,64
61,64,62
64,62,62
62,62,59
62,59,56
59,56,57
56,57,65
57,65,62
65,62,62
62,62,62
62,62,62
62,62,65
62,65,65
65,65,63
65,63,65
63,65,63
65,63,62
63,62,60
62,60,65
60,65,65
65,65,65
65,65,67
65,67,65
67,65,65
65,65,65
65,65,65
65,65,67
65,67,65
67,65,65
65,65,62
65,62,58
62,58,58
58,58,62
58,62,62
62,62,62
62,62,62
62,62,62
62,62,62
62,62,65
62,65,63
65,63,63
63,63,60
63,60,62
60,62,62
62,62,58
62,58,62
58,62,62
62,62,62
62,62,62
62,62,62
62,62,62
62,62,65
62,65,63
65,63,63
63,63,60
63,60,62
60,62,58
62,58,62
58,62,62
62,62,62
62,62,62
62,62,62
62,62,62
62,62,65
62,65,63
65,63,63
63,63,60
63,60,62
60,62,62
62,62,58
62,58,62
58,62,62
62,62,62
62,62,62
62,62,62
62,62,62
62,62,65
62,65,63
65,63,63
63,63,60
63,60,60
60,60,58
60,58,62
58,62,62
62,62,62
62,62,65
62,65,63
65,63,60
63,60,62
60,62,58
62,58,62
58,62,62
62,62,62
62,62,65
62,65,63
65,63,60
63,60,58
60,58,65
58,65,63
65,63,63
63,63,65
63,65,65
65,65,65
65,65,61
65,61,56
61,56,61
56,61,56
61,56,61
56,61,63
61,63,65
63,65,61
65,61,66
61,66,66
66,66,61
66,61,63
61,63,65
63,65,61
65,61,56
61,56,61
56,61,56
61,56,61
56,61,63
61,63,65
63,65,61
65,61,65
61,65,65
65,65,65
65,65,63
65,63,63
63,63,65
63,65,63
65,63,58
63,58,60
58,60,61
60,61,60
61,60,61
60,61,58
61,58,56
58,56,61
56,61,66
61,66,66
66,66,61
66,61,61
61,61,63
61,63,63
63,63,65
63,65,58
65,58,60
58,60,61
60,61,60
61,60,61
60,61,58
61,58,56
58,56,61
56,61,65
61,65,66
65,66,65
66,65,63
65,63,61
63,61,56
61,56,56
56,56,56
56,56,56
56,56,61
56,61,58
61,58,58
58,58,58
58,58,58
58,58,63
58,63,60
63,60,60
60,60,60
60,60,60
60,60,58
60,58,60
58,60,61
60,61,56
61,56,56
56,56,56
56,56,56
56,56,61
56,61,58
61,58,58
58,58,58
58,58,58
58,58,63
58,63,60
63,60,60
60,60,60
60,60,60
60,60,58
60,58,60
58,60,61
60,61,56
61,56,56
56,56,65
56,65,61
65,61,56
61,56,56
56,56,56
56,56,61
56,61,65
61,65,65
65,65,61
65,61,61
61,61,61
61,61,63
61,63,60
63,60,58
60,58,56
58,56,65
56,65,61
65,61,66
61,66,66
66,66,66
66,66,70
66,70,68
70,68,68
68,68,68
68,68,68
68,68,66
68,66,63
66,63,61
63,61,56
61,56,56
56,56,65
56,65,61
65,61,56
61,56,56
56,56,56
56,56,61
56,61,65
61,65,65
65,65,61
65,61,61
61,61,61
61,61,63
61,63,60
63,60,58
60,58,56
58,56,65
56,65,61
65,61,66
61,66,66
66,66,66
66,66,70
66,70,68
70,68,68
68,68,68
68,68,68
68,68,66
68,66,63
66,63,61
63,61,64
61,64,67
64,67,64
67,64,69
64,69,67
69,67,64
67,64,64
64,64,67
64,67,67
67,67,64
67,64,69
64,69,67
69,67,64
67,64,64
64,64,65
64,65,65
65,65,62
65,62,62
62,62,65
62,65,65
65,65,62
65,62,62
62,62,67
62,67,65
67,65,64
65,64,62
64,62,64
62,64,60
64,60,64
60,64,67
64,67,64
67,64,69
64,69,67
69,67,64
67,64,64
64,64,67
64,67,67
67,67,64
67,64,69
64,69,67
69,67,64
67,64,64
64,64,65
64,65,65
65,65,62
65,62,62
62,62,65
62,65,65
65,65,62
65,62,62
62,62,67
62,67,65
67,65,64
65,64,62
64,62,64
62,64,60
64,60,64
60,64,67
64,67,64
67,64,69
64,69,67
69,67,64
67,64,64
64,64,67
64,67,67
67,67,64
67,64,69
64,69,67
69,67,64
67,64,64
64,64,65
64,65,65
65,65,62
65,62,62
62,62,65
62,65,65
65,65,62
65,62,62
62,62,67
62,67,65
67,65,64
65,64,62
64,62,64
62,64,64
64,64,67
64,67,64
67,64,69
64,69,67
69,67,64
67,64,64
64,64,67
64,67,67
67,67,64
67,64,69
64,69,67
69,67,64
67,64,64
64,64,65
64,65,65
65,65,62
65,62,62
62,62,65
62,65,65
65,65,62
65,62,62
62,62,67
62,67,65
67,65,64
65,64,62
64,62,64
62,64,60
64,60,68
60,68,68
68,68,63
68,63,68
63,68,70
68,70,63
70,63,72
63,72,70
72,70,72
70,72,73
72,73,72
73,72,70
72,70,68
70,68,68
68,68,67
68,67,65
67,65,67
65,67,68
67,68,70
68,70,72
70,72,67
72,67,65
67,65,63
65,63,63
63,63,75
63,75,73
75,73,72
73,72,73
72,73,72
73,72,70
72,70,72
70,72,68
72,68,70
68,70,67
70,67,65
67,65,63
65,63,68
63,68,68
68,68,67
68,67,68
67,68,70
68,70,68
70,68,63
68,63,72
63,72,72
72,72,70
72,70,72
70,72,73
72,73,72
73,72,70
72,70,72
70,72,73
72,73,72
73,72,70
72,70,68
70,68,67
68,67,68
67,68,73
68,73,72
73,72,70
72,70,68
70,68,68
68,68,68
68,68,68
68,68,63
68,63,68
63,68,70
68,70,63
70,63,72
63,72,70
72,70,72
70,72,73
72,73,72
73,72,70
72,70,68
70,68,67
68,67,65
67,65,67
65,67,68
67,68,70
68,70,72
70,72,67
72,67,65
67,65,63
65,63,63
63,63,75
63,75,73
75,73,72
73,72,73
72,73,72
73,72,70
72,70,72
70,72,68
72,68,70
68,70,67
70,67,65
67,65,63
65,63,68
63,68,68
68,68,67
68,67,68
67,68,70
68,70,68
70,68,63
68,63,72
63,72,72
72,72,70
72,70,72
70,72,73
72,73,72
73,72,70
72,70,72
70,72,73
72,73,72
73,72,70
72,70,68
70,68,67
68,67,68
67,68,73
68,73,72
73,72,70
72,70,68
70,68,68
68,68,68
68,68,68
68,68,63
68,63,68
63,68,70
68,70,63
70,63,72
63,72,70
72,70,72
70,72,73
72,73,72
73,72,70
72,70,68
70,68,68
68,68,67
68,67,65
67,65,67
65,67,68
67,68,70
68,70,72
70,72,67
72,67,65
67,65,63
65,63,63
63,63,75
63,75,73
75,73,72
73,72,73
72,73,72
73,72,70
72,70,72
70,72,68
72,68,70
68,70,67
70,67,65
67,65,63
65,63,68
63,68,68
68,68,67
68,67,68
67,68,70
68,70,68
70,68,63
68,63,72
63,72,72
72,72,70
72,70,72
70,72,73
72,73,72
73,72,70
72,70,72
70,72,73
72,73,72
73,72,70
72,70,68
70,68,67
68,67,68
67,68,73
68,73,72
73,72,70
72,70,68
70,68,68
68,68,60
68,60,60
60,60,60
60,60,65
60,65,69
65,69,60
69,60,60
60,60,60
60,60,65
60,65,69
65,69,65
69,65,65
65,65,64
65,64,64
64,64,62
64,62,62
62,62,60
62,60,60
60,60,60
60,60,60
60,60,64
60,64,67
64,67,60
67,60,60
60,60,60
60,60,64
60,64,67
64,67,72
67,72,74
72,74,72
74,72,70
72,70,69
70,69,67
69,67,65
67,65,60
65,60,60
60,60,60
60,60,65
60,65,69
65,69,60
69,60,60
60,60,60
60,60,65
60,65,69
65,69,65
69,65,65
65,65,64
65,64,64
64,64,62
64,62,62
62,62,60
62,60,60
60,60,60
60,60,60
60,60,64
60,64,67
64,67,60
67,60,60
60,60,60
60,60,64
60,64,67
64,67,72
67,72,74
72,74,72
74,72,70
72,70,69
70,69,67
69,67,65
67,65,60
65,60,60
60,60,65
60,65,65
65,65,69
65,69,69
69,69,72
69,72,69
72,69,72
69,72,74
72,74,72
74,72,70
72,70,69
70,69,72
69,72,70
72,70,67
70,67,60
67,60,60
60,60,64
60,64,64
64,64,67
64,67,67
67,67,70
67,70,67
70,67,72
67,72,74
72,74,72
74,72,70
72,70,69
70,69,67
69,67,69
67,69,65
69,65,60
65,60,60
60,60,65
60,65,65
65,65,69
65,69,69
69,69,72
69,72,69
72,69,72
69,72,74
72,74,72
74,72,70
72,70,69
70,69,72
69,72,70
72,70,67
70,67,60
67,60,60
60,60,64
60,64,64
64,64,67
64,67,67
67,67,70
67,70,67
70,67,72
67,72,74
72,74,72
74,72,70
72,70,69
70,69,67
69,67,69
67,69,65
69,65,60
65,60,60
60,60,60
60,60,65
60,65,69
65,69,60
69,60,60
60,60,60
60,60,65
60,65,69
65,69,65
69,65,65
65,65,64
65,64,64
64,64,62
64,62,62
62,62,60
62,60,60
60,60,60
60,60,60
60,60,64
60,64,67
64,67,60
67,60,60
60,60,60
60,60,64
60,64,67
64,67,72
67,72,74
72,74,72
74,72,70
72,70,69
70,69,67
69,67,65
67,65,60
65,60,60
60,60,60
60,60,65
60,65,69
65,69,60
69,60,60
60,60,60
60,60,65
60,65,69
65,69,65
69,65,65
65,65,64
65,64,64
64,64,62
64,62,62
62,62,60
62,60,60
60,60,60
60,60,60
60,60,64
60,64,67
64,67,60
67,60,60
60,60,60
60,60,64
60,64,67
64,67,72
67,72,74
72,74,72
74,72,70
72,70,69
70,69,67
69,67,65
67,65,60
65,60,60
60,60,65
60,65,65
65,65,69
65,69,69
69,69,72
69,72,69
72,69,72
69,72,74
72,74,72
74,72,70
72,70,69
70,69,72
69,72,70
72,70,67
70,67,60
67,60,60
60,60,64
60,64,64
64,64,67
64,67,67
67,67,70
67,70,67
70,67,72
67,72,74
72,74,72
74,72,70
72,70,69
70,69,67
69,67,69
67,69,65
69,65,60
65,60,60
60,60,65
60,65,65
65,65,69
65,69,69
69,69,72
69,72,69
72,69,72
69,72,74
72,74,72
74,72,70
72,70,69
70,69,72
69,72,70
72,70,67
70,67,60
67,60,60
60,60,64
60,64,64
64,64,67
64,67,67
67,67,70
67,70,67
70,67,72
67,72,74
72,74,72
74,72,70
72,70,69
70,69,67
69,67,69
67,69,65
69,65,60
65,60,60
60,60,60
60,60,65
60,65,69
65,69,60
69,60,60
60,60,60
60,60,65
60,65,69
65,69,65
69,65,65
65,65,64
65,64,64
64,64,62
64,62,62
62,62,60
62,60,60
60,60,60
60,60,60
60,60,64
60,64,67
64,67,60
67,60,60
60,60,60
60,60,64
60,64,67
64,67,72
67,72,74
72,74,72
74,72,70
72,70,69
70,69,67
69,67,65
67,65,60
65,60,60
60,60,60
60,60,65
60,65,69
65,69,60
69,60,60
60,60,60
60,60,65
60,65,69
65,69,65
69,65,65
65,65,64
65,64,64
64,64,62
64,62,62
62,62,60
62,60,60
60,60,60
60,60,60
60,60,64
60,64,67
64,67,60
67,60,60
60,60,60
60,60,64
60,64,67
64,67,72
67,72,74
72,74,72
74,72,70
72,70,69
70,69,67
69,67,65
67,65,63
65,63,68
63,68,68
68,68,68
68,68,63
68,63,65
63,65,65
65,65,63
65,63,63
63,63,68
63,68,68
68,68,70
68,70,70
70,70,72
70,72,68
72,68,72
68,72,72
72,72,73
72,73,73
73,73,73
73,73,70
73,70,70
70,70,72
70,72,72
72,72,72
72,72,68
72,68,68
68,68,70
68,70,70
70,70,70
70,70,68
70,68,67
68,67,63
67,63,65
63,65,67
65,67,68
67,68,68
68,68,63
68,63,68
63,68,68
68,68,68
68,68,63
68,63,65
63,65,65
65,65,63
65,63,63
63,63,68
63,68,68
68,68,70
68,70,70
70,70,72
70,72,68
72,68,72
68,72,72
72,72,73
72,73,73
73,73,73
73,73,70
73,70,70
70,70,72
70,72,72
72,72,72
72,72,68
72,68,68
68,68,70
68,70,70
70,70,70
70,70,68
70,68,67
68,67,63
67,63,65
63,65,67
65,67,68
67,68,68
68,68,63
68,63,68
63,68,68
68,68,68
68,68,63
68,63,65
63,65,65
65,65,63
65,63,63
63,63,68
63,68,68
68,68,70
68,70,70
70,70,72
70,72,68
72,68,72
68,72,72
72,72,73
72,73,73
73,73,73
73,73,70
73,70,70
70,70,72
70,72,72
72,72,72
72,72,68
72,68,68
68,68,70
68,70,70
70,70,70
70,70,68
70,68,67
68,67,63
67,63,65
63,65,67
65,67,68
67,68,68
68,68,63
68,63,68
63,68,68
68,68,68
68,68,63
68,63,65
63,65,65
65,65,63
65,63,63
63,63,68
63,68,68
68,68,70
68,70,70
70,70,72
70,72,68
72,68,72
68,72,72
72,72,73
72,73,73
73,73,73
73,73,70
73,70,70
70,70,72
70,72,72
72,72,72
72,72,68
72,68,68
68,68,70
68,70,70
70,70,70
70,70,68
70,68,67
68,67,63
67,63,65
63,65,67
65,67,68
67,68,68
68,68,65
68,65,65
65,65,65
65,65,65
65,65,65
65,65,67
65,67,67
67,67,67
67,67,67
67,67,69
67,69,70
69,70,72
70,72,72
72,72,70
72,70,69
70,69,69
69,69,67
69,67,72
67,72,69
72,69,69
69,69,69
69,69,69
69,69,70
69,70,67
70,67,67
67,67,67
67,67,69
67,69,70
69,70,69
70,69,67
69,67,65
67,65,64
65,64,65
64,65,65
65,65,65
65,65,65
65,65,65
65,65,65
65,65,65
65,65,67
65,67,67
67,67,67
67,67,67
67,67,69
67,69,70
69,70,72
70,72,72
72,72,70
72,70,69
70,69,69
69,69,67
69,67,67
67,67,72
67,72,69
72,69,69
69,69,69
69,69,69
69,69,70
69,70,67
70,67,67
67,67,67
67,67,67
67,67,69
67,69,70
69,70,69
70,69,67
69,67,65
67,65,64
65,64,65
64,65,65
65,65,60
65,60,65
60,65,65
65,65,65
65,65,65
65,65,67
65,67,67
67,67,67
67,67,67
67,67,69
67,69,70
69,70,72
70,72,72
72,72,70
72,70,69
70,69,69
69,69,67
69,67,67
67,67,72
67,72,69
72,69,69
69,69,69
69,69,69
69,69,69
69,69,70
69,70,67
70,67,67
67,67,67
67,67,67
67,67,69
67,69,70
69,70,69
70,69,67
69,67,65
67,65,64
65,64,65
64,65,65
65,65,63
65,63,65
63,65,63
65,63,61
63,61,60
61,60,61
60,61,63
61,63,58
63,58,60
58,60,61
60,61,60
61,60,61
60,61,63
61,63,63
63,63,65
63,65,63
65,63,61
63,61,60
61,60,61
60,61,63
61,63,58
63,58,63
58,63,60
63,60,56
60,56,63
56,63,65
63,65,63
65,63,61
63,61,60
61,60,61
60,61,63
61,63,58
63,58,60
58,60,61
60,61,60
61,60,61
60,61,63
61,63,63
63,63,65
63,65,63
65,63,61
63,61,60
61,60,61
60,61,63
61,63,58
63,58,63
58,63,60
63,60,56
60,56,63
56,63,65
63,65,63
65,63,61
63,61,60
61,60,61
60,61,63
61,63,58
63,58,60
58,60,61
60,61,60
61,60,61
60,61,63
61,63,63
63,63,65
63,65,63
65,63,61
63,61,60
61,60,61
60,61,63
61,63,58
63,58,63
58,63,60
63,60,56
60,56,63
56,63,65
63,65,63
65,63,61
63,61,60
61,60,61
60,61,63
61,63,58
63,58,60
58,60,61
60,61,60
61,60,61
60,61,63
61,63,63
63,63,65
63,65,63
65,63,61
63,61,60
61,60,61
60,61,63
61,63,58
63,58,63
58,63,60
63,60,56
60,56,63
56,63,65
63,65,63
65,63,61
63,61,60
61,60,61
60,61,63
61,63,58
63,58,60
58,60,61
60,61,60
61,60,61
60,61,63
61,63,63
63,63,65
63,65,63
65,63,61
63,61,60
61,60,61
60,61,63
61,63,58
63,58,63
58,63,60
63,60,56
60,56,63
56,63,65
63,65,63
65,63,61
63,61,60
61,60,61
60,61,63
61,63,58
63,58,60
58,60,61
60,61,60
61,60,61
60,61,63
61,63,63
63,63,65
63,65,63
65,63,61
63,61,60
61,60,61
60,61,63
61,63,58
63,58,63
58,63,60
63,60,56
60,56,63
56,63,65
63,65,63
65,63,61
63,61,60
61,60,61
60,61,63
61,63,58
63,58,60
58,60,61
60,61,60
61,60,61
60,61,63
61,63,63
63,63,65
63,65,63
65,63,61
63,61,60
61,60,61
60,61,63
61,63,58
63,58,63
58,63,60
63,60,56
60,56,63
56,63,65
63,65,63
65,63,61
63,61,60
61,60,60
60,60,61
60,61,63
61,63,58
63,58,58
58,58,60
58,60,61
60,61,60
61,60,60
60,60,61
60,61,63
61,63,63
63,63,65
63,65,63
65,63,61
63,61,60
61,60,60
60,60,61
60,61,63
61,63,58
63,58,63
58,63,60
63,60,56
60,56,63
56,63,63
63,63,65
63,65,63
65,63,61
63,61,61
61,61,60
61,60,60
60,60,61
60,61,63
61,63,58
63,58,58
58,58,60
58,60,61
60,61,60
61,60,60
60,60,61
60,61,63
61,63,63
63,63,63
63,63,65
63,65,63
65,63,61
63,61,61
61,61,60
61,60,60
60,60,61
60,61,63
61,63,58
63,58,63
58,63,60
63,60,56
60,56,67
56,67,64
67,64,64
64,64,64
64,64,64
64,64,67
64,67,67
67,67,65
67,65,67
65,67,65
67,65,64
65,64,62
64,62,67
62,67,67
67,67,67
67,67,69
67,69,67
69,67,67
67,67,67
67,67,67
67,67,69
67,69,67
69,67,67
67,67,64
67,64,60
64,60,60
60,60,64
60,64,64
64,64,64
64,64,67
64,67,65
67,65,62
65,62,64
62,64,60
64,60,64
60,64,64
64,64,64
64,64,67
64,67,65
67,65,62
65,62,60
62,60,68
60,68,65
68,65,65
65,65,65
65,65,65
65,65,68
65,68,68
68,68,66
68,66,68
66,68,66
68,66,65
66,65,63
65,63,68
63,68,68
68,68,68
68,68,70
68,70,68
70,68,68
68,68,68
68,68,68
68,68,70
68,70,68
70,68,68
68,68,65
68,65,61
65,61,61
61,61,65
61,65,65
65,65,65
65,65,65
65,65,65
65,65,65
65,65,68
65,68,66
68,66,66
66,66,63
66,63,65
63,65,65
65,65,61
65,61,66
61,66,65
66,65,65
65,65,65
65,65,65
65,65,65
65,65,68
65,68,66
68,66,66
66,66,63
66,63,60
63,60,61
60,61,69
61,69,66
69,66,66
66,66,66
66,66,66
66,66,69
66,69,69
69,69,67
69,67,69
67,69,67
69,67,66
67,66,64
66,64,69
64,69,69
69,69,69
69,69,71
69,71,69
71,69,69
69,69,69
69,69,69
69,69,71
69,71,69
71,69,69
69,69,66
69,66,62
66,62,62
62,62,66
62,66,66
66,66,66
66,66,66
66,66,66
66,66,66
66,66,69
66,69,67
69,67,67
67,67,64
67,64,66
64,66,66
66,66,62
66,62,66
62,66,66
66,66,66
66,66,66
66,66,66
66,66,66
66,66,69
66,69,67
69,67,67
67,67,64
67,64,66
64,66,62
66,62,66
62,66,66
66,66,66
66,66,66
66,66,66
66,66,66
66,66,69
66,69,67
69,67,67
67,67,64
67,64,66
64,66,66
66,66,62
66,62,66
62,66,66
66,66,66
66,66,66
66,66,66
66,66,66
66,66,69
66,69,67
69,67,67
67,67,64
67,64,64
64,64,62
64,62,66
62,66,66
66,66,66
66,66,69
66,69,67
69,67,64
67,64,66
64,66,62
66,62,66
62,66,66
66,66,66
66,66,69
66,69,67
69,67,64
67,64,62
64,62,69
62,69,67
69,67,67
67,67,69
67,69,69
69,69,69
69,69,64
69,64,59
64,59,64
59,64,59
64,59,64
59,64,66
64,66,68
66,68,64
68,64,69
64,69,69
69,69,64
69,64,66
64,66,68
66,68,64
68,64,59
64,59,64
59,64,59
64,59,64
59,64,66
64,66,68
66,68,64
68,64,68
64,68,68
68,68,68
68,68,66
68,66,66
66,66,68
66,68,66
68,66,61
66,61,63
61,63,64
63,64,63
64,63,64
63,64,61
64,61,59
61,59,64
59,64,64
64,64,69
64,69,69
69,69,64
69,64,64
64,64,66
64,66,66
66,66,68
66,68,61
68,61,63
61,63,64
63,64,63
64,63,64
63,64,61
64,61,59
61,59,64
59,64,68
64,68,69
68,69,68
69,68,66
68,66,64
66,64,59
64,59,59
59,59,59
59,59,59
59,59,64
59,64,61
64,61,61
61,61,61
61,61,61
61,61,66
61,66,63
66,63,63
63,63,63
63,63,63
63,63,61
63,61,63
61,63,64
63,64,59
64,59,59
59,59,59
59,59,59
59,59,64
59,64,61
64,61,61
61,61,61
61,61,61
61,61,66
61,66,63
66,63,63
63,63,63
63,63,63
63,63,61
63,61,63
61,63,64
63,64,59
64,59,59
59,59,68
59,68,64
68,64,59
64,59,59
59,59,59
59,59,64
59,64,68
64,68,68
68,68,64
68,64,64
64,64,64
64,64,66
64,66,63
66,63,61
63,61,59
61,59,68
59,68,64
68,64,69
64,69,69
69,69,69
69,69,73
69,73,71
73,71,71
71,71,71
71,71,71
71,71,69
71,69,66
69,66,64
66,64,59
64,59,59
59,59,68
59,68,64
68,64,59
64,59,59
59,59,59
59,59,64
59,64,68
64,68,68
68,68,64
68,64,64
64,64,64
64,64,66
64,66,63
66,63,61
63,61,59
61,59,68
59,68,64
68,64,69
64,69,69
69,69,69
69,69,73
69,73,71
73,71,71
71,71,71
71,71,71
71,71,69
71,69,66
69,66,64
66,64,61
64,61,64
61,64,61
64,61,66
61,66,64
66,64,61
64,61,61
61,61,64
61,64,64
64,64,61
64,61,66
61,66,64
66,64,61
64,61,61
61,61,62
61,62,62
62,62,59
62,59,59
59,59,62
59,62,62
62,62,59
62,59,59
59,59,64
59,64,62
64,62,61
62,61,59
61,59,61
59,61,57
61,57,61
57,61,64
61,64,61
64,61,66
61,66,64
66,64,61
64,61,61
61,61,64
61,64,64
64,64,61
64,61,66
61,66,64
66,64,61
64,61,61
61,61,62
61,62,62
62,62,59
62,59,59
59,59,62
59,62,62
62,62,59
62,59,59
59,59,64
59,64,62
64,62,61
62,61,59
61,59,61
59,61,57
61,57,61
57,61,64
61,64,61
64,61,66
61,66,64
66,64,61
64,61,61
61,61,64
61,64,64
64,64,61
64,61,66
61,66,64
66,64,61
64,61,61
61,61,62
61,62,62
62,62,59
62,59,59
59,59,62
59,62,62
62,62,59
62,59,59
59,59,64
59,64,62
64,62,61
62,61,59
61,59,61
59,61,57
61,57,61
57,61,64
61,64,61
64,61,66
61,66,64
66,64,61
64,61,61
61,61,64
61,64,64
64,64,61
64,61,66
61,66,64
66,64,61
64,61,61
61,61,62
61,62,62
62,62,59
62,59,59
59,59,62
59,62,62
62,62,59
62,59,59
59,59,64
59,64,62
64,62,61
62,61,59
61,59,61
59,61,57
61,57,64
57,64,64
64,64,59
64,59,64
59,64,66
64,66,59
66,59,68
59,68,66
68,66,68
66,68,69
68,69,68
69,68,66
68,66,64
66,64,64
64,64,63
64,63,61
63,61,63
61,63,64
63,64,66
64,66,68
66,68,63
68,63,61
63,61,59
61,59,59
59,59,71
59,71,69
71,69,68
69,68,69
68,69,68
69,68,66
68,66,68
66,68,64
68,64,66
64,66,63
66,63,61
63,61,59
61,59,64
59,64,64
64,64,63
64,63,64
63,64,66
64,66,64
66,64,59
64,59,68
59,68,68
68,68,66
68,66,68
66,68,69
68,69,68
69,68,66
68,66,68
66,68,69
68,69,68
69,68,66
68,66,64
66,64,63
64,63,64
63,64,69
64,69,68
69,68,66
68,66,64
66,64,64
64,64,64
64,64,64
64,64,59
64,59,64
59,64,66
64,66,59
66,59,68
59,68,66
68,66,68
66,68,69
68,69,68
69,68,66
68,66,64
66,64,63
64,63,61
63,61,63
61,63,64
63,64,66
64,66,68
66,68,63
68,63,61
63,61,59
61,59,59
59,59,71
59,71,69
71,69,68
69,68,69
68,69,68
69,68,66
68,66,68
66,68,64
68,64,66
64,66,63
66,63,61
63,61,59
61,59,64
59,64,64
64,64,63
64,63,64
63,64,66
64,66,64
66,64,59
64,59,68
59,68,68
68,68,66
68,66,68
66,68,69
68,69,68
69,68,66
68,66,68
66,68,69
68,69,68
69,68,66
68,66,64
66,64,63
64,63,64
63,64,69
64,69,68
69,68,66
68,66,64
66,64,64
64,64,64
64,64,64
64,64,59
64,59,64
59,64,66
64,66,59
66,59,68
59,68,66
68,66,68
66,68,69
68,69,68
69,68,66
68,66,64
66,64,64
64,64,63
64,63,61
63,61,63
61,63,64
63,64,66
64,66,68
66,68,63
68,63,61
63,61,59
61,59,59
59,59,71
59,71,69
71,69,68
69,68,69
68,69,68
69,68,66
68,66,68
66,68,64
68,64,66
64,66,63
66,63,61
63,61,59
61,59,64
59,64,64
64,64,63
64,63,64
63,64,66
64,66,64
66,64,59
64,59,68
59,68,68
68,68,66
68,66,68
66,68,69
68,69,68
69,68,66
68,66,68
66,68,69
68,69,68
69,68,66
68,66,64
66,64,63
64,63,64
63,64,69
64,69,68
69,68,66
68,66,64
66,64,64
64,64,56
64,56,56
56,56,56
56,56,61
56,61,65
61,65,56
65,56,56
56,56,56
56,56,61
56,61,65
61,65,61
65,61,61
61,61,60
61,60,60
60,60,58
60,58,58
58,58,56
58,56,56
56,56,56
56,56,56
56,56,60
56,60,63
60,63,56
63,56,56
56,56,56
56,56,60
56,60,63
60,63,68
63,68,70
68,70,68
70,68,66
68,66,65
66,65,63
65,63,61
63,61,56
61,56,56
56,56,56
56,56,61
56,61,65
61,65,56
65,56,56
56,56,56
56,56,61
56,61,65
61,65,61
65,61,61
61,61,60
61,60,60
60,60,58
60,58,58
58,58,56
58,56,56
56,56,56
56,56,56
56,56,60
56,60,63
60,63,56
63,56,56
56,56,56
56,56,60
56,60,63
60,63,68
63,68,70
68,70,68
70,68,66
68,66,65
66,65,63
65,63,61
63,61,56
61,56,56
56,56,61
56,61,61
61,61,65
61,65,65
65,65,68
65,68,65
68,65,68
65,68,70
68,70,68
70,68,66
68,66,65
66,65,68
65,68,66
68,66,63
66,63,56
63,56,56
56,56,60
56,60,60
60,60,63
60,63,63
63,63,66
63,66,63
66,63,68
63,68,70
68,70,68
70,68,66
68,66,65
66,65,63
65,63,65
63,65,61
65,61,56
61,56,56
56,56,61
56,61,61
61,61,65
61,65,65
65,65,68
65,68,65
68,65,68
65,68,70
68,70,68
70,68,66
68,66,65
66,65,68
65,68,66
68,66,63
66,63,56
63,56,56
56,56,60
56,60,60
60,60,63
60,63,63
63,63,66
63,66,63
66,63,68
63,68,70
68,70,68
70,68,66
68,66,65
66,65,63
65,63,65
63,65,61
65,61,56
61,56,56
56,56,56
56,56,61
56,61,65
61,65,56
65,56,56
56,56,56
56,56,61
56,61,65
61,65,61
65,61,61
61,61,60
61,60,60
60,60,58
60,58,58
58,58,56
58,56,56
56,56,56
56,56,56
56,56,60
56,60,63
60,63,56
63,56,56
56,56,56
56,56,60
56,60,63
60,63,68
63,68,70
68,70,68
70,68,66
68,66,65
66,65,63
65,63,61
63,61,56
61,56,56
56,56,56
56,56,61
56,61,65
61,65,56
65,56,56
56,56,56
56,56,61
56,61,65
61,65,61
65,61,61
61,61,60
61,60,60
60,60,58
60,58,58
58,58,56
58,56,56
56,56,56
56,56,56
56,56,60
56,60,63
60,63,56
63,56,56
56,56,56
56,56,60
56,60,63
60,63,68
63,68,70
68,70,68
70,68,66
68,66,65
66,65,63
65,63,61
63,61,56
61,56,56
56,56,61
56,61,61
61,61,65
61,65,65
65,65,68
65,68,65
68,65,68
65,68,70
68,70,68
70,68,66
68,66,65
66,65,68
65,68,66
68,66,63
66,63,56
63,56,56
56,56,60
56,60,60
60,60,63
60,63,63
63,63,66
63,66,63
66,63,68
63,68,70
68,70,68
70,68,66
68,66,65
66,65,63
65,63,65
63,65,61
65,61,56
61,56,56
56,56,61
56,61,61
61,61,65
61,65,65
65,65,68
65,68,65
68,65,68
65,68,70
68,70,68
70,68,66
68,66,65
66,65,68
65,68,66
68,66,63
66,63,56
63,56,56
56,56,60
56,60,60
60,60,63
60,63,63
63,63,66
63,66,63
66,63,68
63,68,70
68,70,68
70,68,66
68,66,65
66,65,63
65,63,65
63,65,61
65,61,56
61,56,56
56,56,56
56,56,61
56,61,65
61,65,56
65,56,56
56,56,56
56,56,61
56,61,65
61,65,61
65,61,61
61,61,60
61,60,60
60,60,58
60,58,58
58,58,56
58,56,56
56,56,56
56,56,56
56,56,60
56,60,63
60,63,56
63,56,56
56,56,56
56,56,60
56,60,63
60,63,68
63,68,70
68,70,68
70,68,66
68,66,65
66,65,63
65,63,61
63,61,56
61,56,56
56,56,56
56,56,61
56,61,65
61,65,56
65,56,56
56,56,56
56,56,61
56,61,65
61,65,61
65,61,61
61,61,60
61,60,60
60,60,58
60,58,58
58,58,56
58,56,56
56,56,56
56,56,56
56,56,60
56,60,63
60,63,56
63,56,56
56,56,56
56,56,60
56,60,63
60,63,68
63,68,70
68,70,68
70,68,66
68,66,65
66,65,63
65,63,61
63,61,59
61,59,64
59,64,64
64,64,64
64,64,59
64,59,61
59,61,61
61,61,59
61,59,59
59,59,64
59,64,64
64,64,66
64,66,66
66,66,68
66,68,64
68,64,68
64,68,68
68,68,69
68,69,69
69,69,69
69,69,66
69,66,66
66,66,68
66,68,68
68,68,68
68,68,64
68,64,64
64,64,66
64,66,66
66,66,66
66,66,64
66,64,63
64,63,59
63,59,61
59,61,63
61,63,64
63,64,64
64,64,59
64,59,64
59,64,64
64,64,64
64,64,59
64,59,61
59,61,61
61,61,59
61,59,59
59,59,64
59,64,64
64,64,66
64,66,66
66,66,68
66,68,64
68,64,68
64,68,68
68,68,69
68,69,69
69,69,69
69,69,66
69,66,66
66,66,68
66,68,68
68,68,68
68,68,64
68,64,64
64,64,66
64,66,66
66,66,66
66,66,64
66,64,63
64,63,59
63,59,61
59,61,63
61,63,64
63,64,64
64,64,59
64,59,64
59,64,64
64,64,64
64,64,59
64,59,61
59,61,61
61,61,59
61,59,59
59,59,64
59,64,64
64,64,66
64,66,66
66,66,68
66,68,64
68,64,68
64,68,68
68,68,69
68,69,69
69,69,69
69,69,66
69,66,66
66,66,68
66,68,68
68,68,68
68,68,64
68,64,64
64,64,66
64,66,66
66,66,66
66,66,64
66,64,63
64,63,59
63,59,61
59,61,63
61,63,64
63,64,64
64,64,59
64,59,64
59,64,64
64,64,64
64,64,59
64,59,61
59,61,61
61,61,59
61,59,59
59,59,64
59,64,64
64,64,66
64,66,66
66,66,68
66,68,64
68,64,68
64,68,68
68,68,69
68,69,69
69,69,69
69,69,66
69,66,66
66,66,68
66,68,68
68,68,68
68,68,64
68,64,64
64,64,66
64,66,66
66,66,66
66,66,64
66,64,63
64,63,59
63,59,61
59,61,63
61,63,64
63,64,64
64,64,66
64,66,63
66,63,63
63,63,64
63,64,61
64,61,61
61,61,59
61,59,61
59,61,63
61,63,64
63,64,66
64,66,66
66,66,66
66,66,66
66,66,63
66,63,63
63,63,63
63,63,64
63,64,61
64,61,61
61,61,59
61,59,63
59,63,66
63,66,66
66,66,63
66,63,63
63,63,63
63,63,61
63,61,61
61,61,61
61,61,61
61,61,61
61,61,63
61,63,64
63,64,63
64,63,63
63,63,63
63,63,63
63,63,64
63,64,66
64,66,66
66,66,63
66,63,63
63,63,64
63,64,61
64,61,61
61,61,59
61,59,63
59,63,66
63,66,66
66,66,63
66,63,63
63,63,63
63,63,66
63,66,63
66,63,63
63,63,64
63,64,61
64,61,61
61,61,59
61,59,61
59,61,63
61,63,64
63,64,66
64,66,66
66,66,66
66,66,66
66,66,63
66,63,63
63,63,63
63,63,64
63,64,61
64,61,61
61,61,59
61,59,63
59,63,66
63,66,66
66,66,63
66,63,63
63,63,63
63,63,61
63,61,61
61,61,61
61,61,61
61,61,61
61,61,63
61,63,64
63,64,63
64,63,63
63,63,63
63,63,63
63,63,64
63,64,66
64,66,66
66,66,63
66,63,63
63,63,64
63,64,61
64,61,61
61,61,59
61,59,63
59,63,66
63,66,66
66,66,63
66,63,63
63,63,63
63,63,63
63,63,63
63,63,63
63,63,63
63,63,63
63,63,58
63,58,63
58,63,63
63,63,67
63,67,63
67,63,63
63,63,63
63,63,63
63,63,63
63,63,58
63,58,60
58,60,60
60,60,58
60,58,63
58,63,63
63,63,63
63,63,63
63,63,63
63,63,58
63,58,63
58,63,63
63,63,67
63,67,70
67,70,68
70,68,68
68,68,67
68,67,65
67,65,63
65,63,63
63,63,63
63,63,63
63,63,63
63,63,63
63,63,58
63,58,63
58,63,63
63,63,67
63,67,63
67,63,63
63,63,63
63,63,63
63,63,63
63,63,58
63,58,60
58,60,60
60,60,58
60,58,63
58,63,63
63,63,63
63,63,63
63,63,63
63,63,58
63,58,63
58,63,63
63,63,67
63,67,70
67,70,68
70,68,68
68,68,67
68,67,65
67,65,63
65,63,63
63,63,63
63,63,63
63,63,63
63,63,63
63,63,58
63,58,63
58,63,63
63,63,67
63,67,63
67,63,63
63,63,63
63,63,63
63,63,63
63,63,58
63,58,60
58,60,60
60,60,58
60,58,63
58,63,63
63,63,63
63,63,63
63,63,63
63,63,58
63,58,63
58,63,63
63,63,67
63,67,70
67,70,68
70,68,68
68,68,67
68,67,65
67,65,63
65,63,63
63,63,63
63,63,63
63,63,63
63,63,63
63,63,58
63,58,63
58,63,63
63,63,67
63,67,63
67,63,63
63,63,63
63,63,63
63,63,63
63,63,58
63,58,60
58,60,60
60,60,58
60,58,63
58,63,63
63,63,63
63,63,63
63,63,63
63,63,58
63,58,63
58,63,63
63,63,67
63,67,70
67,70,68
70,68,68
68,68,67
68,67,65
67,65,63
65,63,61
63,61,65
61,65,68
65,68,68
68,68,61
68,61,65
61,65,68
65,68,68
68,68,70
68,70,73
70,73,68
73,68,73
68,73,68
73,68,68
68,68,73
68,73,68
73,68,68
68,68,63
68,63,63
63,63,65
63,65,61
65,61,61
61,61,65
61,65,68
65,68,68
68,68,61
68,61,65
61,65,68
65,68,68
68,68,70
68,70,73
70,73,68
73,68,73
68,73,68
73,68,68
68,68,73
68,73,68
73,68,68
68,68,63
68,63,63
63,63,65
63,65,61
65,61,61
61,61,65
61,65,68
65,68,68
68,68,61
68,61,65
61,65,68
65,68,68
68,68,70
68,70,73
70,73,68
73,68,73
68,73,68
73,68,68
68,68,73
68,73,68
73,68,68
68,68,63
68,63,63
63,63,65
63,65,61
65,61,61
61,61,65
61,65,68
65,68,68
68,68,61
68,61,65
61,65,68
65,68,68
68,68,70
68,70,73
70,73,68
73,68,73
68,73,68
73,68,68
68,68,73
68,73,68
73,68,68
68,68,63
68,63,63
63,63,65
63,65,61
65,61,61
61,61,65
61,65,68
65,68,68
68,68,61
68,61,65
61,65,68
65,68,68
68,68,70
68,70,73
70,73,68
73,68,73
68,73,68
73,68,68
68,68,73
68,73,68
73,68,68
68,68,63
68,63,63
63,63,65
63,65,61
65,61,67
61,67,64
67,64,67
64,67,67
67,67,64
67,64,67
64,67,69
67,69,67
69,67,65
67,65,64
65,64,62
64,62,64
62,64,65
64,65,64
65,64,65
64,65,67
65,67,60
67,60,60
60,60,60
60,60,60
60,60,60
60,60,62
60,62,64
62,64,65
64,65,67
65,67,67
67,67,62
67,62,62
62,62,65
62,65,64
65,64,62
64,62,60
62,60,67
60,67,64
67,64,67
64,67,67
67,67,64
67,64,67
64,67,69
67,69,67
69,67,65
67,65,64
65,64,62
64,62,64
62,64,65
64,65,64
65,64,65
64,65,67
65,67,60
67,60,60
60,60,60
60,60,60
60,60,60
60,60,62
60,62,64
62,64,65
64,65,67
65,67,67
67,67,62
67,62,62
62,62,65
62,65,64
65,64,62
64,62,60
62,60,67
60,67,64
67,64,67
64,67,67
67,67,64
67,64,67
64,67,69
67,69,67
69,67,65
67,65,64
65,64,62
64,62,64
62,64,65
64,65,64
65,64,65
64,65,67
65,67,60
67,60,60
60,60,60
60,60,60
60,60,60
60,60,62
60,62,64
62,64,65
64,65,67
65,67,67
67,67,62
67,62,62
62,62,65
62,65,64
65,64,62
64,62,60
62,60,67
60,67,64
67,64,67
64,67,67
67,67,64
67,64,67
64,67,69
67,69,67
69,67,65
67,65,64
65,64,62
64,62,64
62,64,65
64,65,64
65,64,65
64,65,67
65,67,60
67,60,60
60,60,60
60,60,60
60,60,60
60,60,62
60,62,64
62,64,65
64,65,67
65,67,67
67,67,62
67,62,62
62,62,65
62,65,64
65,64,62
64,62,60
62,60,67
60,67,64
67,64,67
64,67,67
67,67,64
67,64,67
64,67,69
67,69,67
69,67,65
67,65,64
65,64,62
64,62,64
62,64,65
64,65,64
65,64,65
64,65,67
65,67,60
67,60,60
60,60,60
60,60,60
60,60,60
60,60,62
60,62,64
62,64,65
64,65,67
65,67,67
67,67,62
67,62,62
62,62,65
62,65,64
65,64,62
64,62,60
62,60,67
60,67,64
67,64,67
64,67,67
67,67,64
67,64,67
64,67,69
67,69,67
69,67,65
67,65,64
65,64,62
64,62,64
62,64,65
64,65,65
65,65,65
65,65,67
65,67,60
67,60,60
60,60,60
60,60,60
60,60,60
60,60,62
60,62,64
62,64,65
64,65,67
65,67,67
67,67,62
67,62,62
62,62,65
62,65,64
65,64,62
64,62,60
62,60,67
60,67,64
67,64,67
64,67,67
67,67,64
67,64,67
64,67,67
67,67,69
67,69,67
69,67,65
67,65,64
65,64,62
64,62,64
62,64,65
64,65,65
65,65,64
65,64,65
64,65,67
65,67,60
67,60,60
60,60,60
60,60,60
60,60,60
60,60,62
60,62,64
62,64,65
64,65,67
65,67,67
67,67,62
67,62,62
62,62,65
62,65,64
65,64,62
64,62,60
62,60,67
60,67,64
67,64,67
64,67,67
67,67,64
67,64,67
64,67,69
67,69,67
69,67,65
67,65,64
65,64,62
64,62,64
62,64,65
64,65,64
65,64,65
64,65,67
65,67,60
67,60,60
60,60,60
60,60,60
60,60,60
60,60,62
60,62,64
62,64,65
64,65,67
65,67,67
67,67,62
67,62,62
62,62,65
62,65,64
65,64,62
64,62,60
62,60,67
60,67,67
67,67,67
67,67,67
67,67,64
67,64,67
64,67,67
67,67,67
67,67,67
67,67,64
67,64,67
64,67,64
67,64,67
64,67,72
67,72,71
72,71,74
71,74,74
74,74,74
74,74,74
74,74,72
74,72,71
72,71,71
71,71,71
71,71,71
71,71,69
71,69,67
69,67,67
67,67,65
67,65,65
65,65,64
65,64,67
64,67,67
67,67,67
67,67,67
67,67,64
67,64,67
64,67,67
67,67,67
67,67,67
67,67,64
67,64,67
64,67,64
67,64,67
64,67,72
67,72,71
72,71,74
71,74,74
74,74,74
74,74,74
74,74,72
74,72,71
72,71,71
71,71,71
71,71,71
71,71,69
71,69,67
69,67,67
67,67,67
67,67,69
67,69,71
69,71,72
71,72,65
72,65,60
65,60,65
60,65,69
65,69,72
69,72,72
72,72,72
72,72,67
72,67,64
67,64,60
64,60,64
60,64,67
64,67,65
67,65,60
65,60,65
60,65,69
65,69,72
69,72,72
72,72,72
72,72,72
72,72,74
72,74,72
74,72,71
72,71,69
71,69,67
69,67,69
67,69,71
69,71,67
71,67,67
67,67,67
67,67,64
67,64,67
64,67,67
67,67,67
67,67,64
67,64,67
64,67,64
67,64,67
64,67,72
67,72,71
72,71,74
71,74,74
74,74,74
74,74,74
74,74,72
74,72,71
72,71,71
71,71,71
71,71,71
71,71,69
71,69,67
69,67,67
67,67,67
67,67,69
67,69,71
69,71,72
71,72,67
72,67,67
67,67,67
67,67,67
67,67,64
67,64,67
64,67,67
67,67,67
67,67,67
67,67,64
67,64,67
64,67,64
67,64,67
64,67,72
67,72,71
72,71,74
71,74,74
74,74,74
74,74,74
74,74,72
74,72,71
72,71,71
71,71,71
71,71,71
71,71,69
71,69,67
69,67,67
67,67,65
67,65,65
65,65,64
65,64,67
64,67,67
67,67,67
67,67,67
67,67,64
67,64,67
64,67,67
67,67,67
67,67,67
67,67,64
67,64,67
64,67,64
67,64,67
64,67,72
67,72,71
72,71,74
71,74,74
74,74,74
74,74,74
74,74,72
74,72,71
72,71,71
71,71,71
71,71,71
71,71,69
71,69,67
69,67,67
67,67,67
67,67,69
67,69,71
69,71,72
71,72,65
72,65,60
65,60,65
60,65,69
65,69,72
69,72,72
72,72,72
72,72,67
72,67,64
67,64,60
64,60,64
60,64,67
64,67,65
67,65,60
65,60,65
60,65,69
65,69,72
69,72,72
72,72,72
72,72,72
72,72,74
72,74,72
74,72,71
72,71,69
71,69,67
69,67,69
67,69,71
69,71,67
71,67,67
67,67,67
67,67,64
67,64,67
64,67,67
67,67,67
67,67,64
67,64,67
64,67,64
67,64,67
64,67,72
67,72,71
72,71,74
71,74,74
74,74,74
74,74,74
74,74,72
74,72,71
72,71,71
71,71,71
71,71,71
71,71,69
71,69,67
69,67,67
67,67,67
67,67,69
67,69,71
69,71,72
71,72,58
72,58,62
58,62,63
62,63,63
63,63,65
63,65,65
65,65,62
65,62,65
62,65,63
65,63,62
63,62,63
62,63,60
63,60,62
60,62,58
62,58,60
58,60,62
60,62,63
62,63,63
63,63,65
63,65,65
65,65,62
65,62,65
62,65,63
65,63,62
63,62,63
62,63,60
63,60,58
60,58,65
58,65,70
65,70,69
70,69,67
69,67,65
67,65,65
65,65,62
65,62,65
62,65,63
65,63,62
63,62,63
62,63,60
63,60,62
60,62,65
62,65,70
65,70,69
70,69,67
69,67,65
67,65,65
65,65,62
65,62,65
62,65,63
65,63,62
63,62,63
62,63,60
63,60,58
60,58,65
58,65,63
65,63,60
63,60,58
60,58,60
58,60,62
60,62,65
62,65,70
65,70,69
70,69,67
69,67,65
67,65,65
65,65,62
65,62,65
62,65,63
65,63,62
63,62,63
62,63,60
63,60,58
60,58,58
58,58,62
58,62,63
62,63,63
63,63,65
63,65,65
65,65,62
65,62,65
62,65,63
65,63,62
63,62,63
62,63,60
63,60,62
60,62,58
62,58,62
58,62,63
62,63,63
63,63,65
63,65,65
65,65,62
65,62,65
62,65,63
65,63,62
63,62,63
62,63,60
63,60,58
60,58,65
58,65,70
65,70,69
70,69,67
69,67,65
67,65,65
65,65,62
65,62,65
62,65,63
65,63,62
63,62,63
62,63,60
63,60,62
60,62,65
62,65,65
65,65,70
65,70,69
70,69,67
69,67,65
67,65,65
65,65,62
65,62,65
62,65,63
65,63,62
63,62,63
62,63,60
63,60,58
60,58,65
58,65,63
65,63,60
63,60,58
60,58,60
58,60,62
60,62,65
62,65,70
65,70,69
70,69,67
69,67,65
67,65,65
65,65,62
65,62,65
62,65,63
65,63,62
63,62,63
62,63,60
63,60,58
60,58,67
58,67,65
67,65,63
65,63,65
63,65,67
65,67,67
67,67,67
67,67,65
67,65,65
65,65,65
65,65,67
65,67,70
67,70,70
70,70,67
70,67,65
67,65,63
65,63,65
63,65,67
65,67,67
67,67,67
67,67,67
67,67,65
67,65,65
65,65,67
65,67,65
67,65,63
65,63,58
63,58,67
58,67,65
67,65,63
65,63,65
63,65,67
65,67,67
67,67,67
67,67,65
67,65,65
65,65,65
65,65,67
65,67,70
67,70,70
70,70,67
70,67,65
67,65,63
65,63,65
63,65,67
65,67,67
67,67,67
67,67,67
67,67,65
67,65,65
65,65,67
65,67,65
67,65,63
65,63,58
63,58,67
58,67,65
67,65,63
65,63,65
63,65,67
65,67,67
67,67,67
67,67,65
67,65,65
65,65,65
65,65,67
65,67,70
67,70,70
70,70,58
70,58,67
58,67,65
67,65,63
65,63,65
63,65,67
65,67,67
67,67,67
67,67,67
67,67,65
67,65,65
65,65,67
65,67,65
67,65,63
65,63,58
63,58,67
58,67,65
67,65,63
65,63,65
63,65,67
65,67,67
67,67,67
67,67,65
67,65,65
65,65,65
65,65,67
65,67,70
67,70,70
70,70,58
70,58,67
58,67,65
67,65,63
65,63,65
63,65,67
65,67,67
67,67,67
67,67,67
67,67,65
67,65,65
65,65,67
65,67,65
67,65,63
65,63,56
63,56,61
56,61,63
61,63,65
63,65,65
65,65,65
65,65,63
65,63,61
63,61,63
61,63,65
63,65,61
65,61,56
61,56,61
56,61,61
61,61,65
61,65,63
65,63,61
63,61,60
61,60,61
60,61,68
61,68,68
68,68,65
68,65,66
65,66,66
66,66,63
66,63,65
63,65,65
65,65,61
65,61,63
61,63,68
63,68,68
68,68,65
68,65,66
65,66,66
66,66,63
66,63,65
63,65,68
65,68,63
68,63,56
63,56,61
56,61,63
61,63,65
63,65,65
65,65,65
65,65,63
65,63,61
63,61,63
61,63,65
63,65,61
65,61,56
61,56,61
56,61,61
61,61,65
61,65,63
65,63,61
63,61,60
61,60,61
60,61,57
61,57,62
57,62,64
62,64,66
64,66,66
66,66,66
66,66,64
66,64,62
64,62,64
62,64,66
64,66,62
66,62,57
62,57,62
57,62,62
62,62,66
62,66,64
66,64,62
64,62,61
62,61,62
61,62,69
62,69,69
69,69,66
69,66,67
66,67,67
67,67,64
67,64,66
64,66,66
66,66,62
66,62,64
62,64,69
64,69,69
69,69,66
69,66,67
66,67,67
67,67,64
67,64,66
64,66,69
66,69,64
69,64,57
64,57,62
57,62,64
62,64,66
64,66,66
66,66,66
66,66,64
66,64,62
64,62,64
62,64,66
64,66,62
66,62,57
62,57,62
57,62,62
62,62,66
62,66,64
66,64,62
64,62,61
62,61,62
61,62,58
62,58,63
58,63,65
63,65,67
65,67,67
67,67,67
67,67,65
67,65,63
65,63,65
63,65,67
65,67,63
67,63,58
63,58,63
58,63,63
63,63,67
63,67,65
67,65,63
65,63,63
63,63,63
63,63,70
63,70,70
70,70,67
70,67,68
67,68,68
68,68,65
68,65,67
65,67,67
67,67,63
67,63,65
63,65,70
65,70,70
70,70,67
70,67,68
67,68,68
68,68,65
68,65,67
65,67,70
67,70,65
70,65,58
65,58,63
58,63,65
63,65,67
65,67,67
67,67,67
67,67,65
67,65,63
65,63,65
63,65,67
65,67,63
67,63,58
63,58,63
58,63,63
63,63,67
63,67,65
67,65,63
65,63,62
63,62,63
62,63,72
63,72,69
72,69,69
69,69,70
69,70,67
70,67,67
67,67,65
67,65,67
65,67,69
67,69,70
69,70,72
70,72,72
72,72,72
72,72,72
72,72,69
72,69,69
69,69,69
69,69,70
69,70,67
70,67,67
67,67,65
67,65,69
65,69,72
69,72,72
72,72,69
72,69,69
69,69,69
69,69,67
69,67,67
67,67,67
67,67,67
67,67,67
67,67,69
67,69,70
69,70,69
70,69,69
69,69,69
69,69,69
69,69,70
69,70,72
70,72,72
72,72,69
72,69,69
69,69,70
69,70,67
70,67,67
67,67,65
67,65,69
65,69,72
69,72,72
72,72,69
72,69,69
69,69,69
69,69,72
69,72,69
72,69,69
69,69,70
69,70,67
70,67,67
67,67,65
67,65,67
65,67,69
67,69,70
69,70,72
70,72,72
72,72,72
72,72,72
72,72,69
72,69,69
69,69,69
69,69,70
69,70,67
70,67,67
67,67,65
67,65,69
65,69,72
69,72,72
72,72,69
72,69,69
69,69,69
69,69,67
69,67,67
67,67,67
67,67,67
67,67,67
67,67,69
67,69,70
69,70,69
70,69,69
69,69,69
69,69,69
69,69,70
69,70,72
70,72,72
72,72,69
72,69,69
69,69,70
69,70,67
70,67,67
67,67,65
67,65,69
65,69,72
69,72,72
72,72,69
72,69,69
69,69,69
69,69,67
69,67,67
67,67,67
67,67,67
67,67,67
67,67,62
67,62,67
62,67,67
67,67,71
67,71,67
71,67,67
67,67,67
67,67,67
67,67,67
67,67,62
67,62,64
62,64,64
64,64,62
64,62,67
62,67,67
67,67,67
67,67,67
67,67,67
67,67,62
67,62,67
62,67,67
67,67,71
67,71,74
71,74,72
74,72,72
72,72,71
72,71,69
71,69,67
69,67,67
67,67,67
67,67,67
67,67,67
67,67,67
67,67,62
67,62,67
62,67,67
67,67,71
67,71,67
71,67,67
67,67,67
67,67,67
67,67,67
67,67,62
67,62,64
62,64,64
64,64,62
64,62,67
62,67,67
67,67,67
67,67,67
67,67,67
67,67,62
67,62,67
62,67,67
67,67,71
67,71,74
71,74,72
74,72,72
72,72,71
72,71,69
71,69,67
69,67,67
67,67,67
67,67,67
67,67,67
67,67,67
67,67,62
67,62,67
62,67,67
67,67,71
67,71,67
71,67,67
67,67,67
67,67,67
67,67,67
67,67,62
67,62,64
62,64,64
64,64,62
64,62,67
62,67,67
67,67,67
67,67,67
67,67,67
67,67,62
67,62,67
62,67,67
67,67,71
67,71,74
71,74,72
74,72,72
72,72,71
72,71,69
71,69,67
69,67,67
67,67,67
67,67,67
67,67,67
67,67,67
67,67,62
67,62,67
62,67,67
67,67,71
67,71,67
71,67,67
67,67,67
67,67,67
67,67,67
67,67,62
67,62,64
62,64,64
64,64,62
64,62,67
62,67,67
67,67,67
67,67,67
67,67,67
67,67,62
67,62,67
62,67,67
67,67,71
67,71,74
71,74,72
74,72,72
72,72,71
72,71,69
71,69,67
69,67,58
67,58,62
58,62,65
62,65,65
65,65,58
65,58,62
58,62,65
62,65,65
65,65,67
65,67,70
67,70,65
70,65,70
65,70,65
70,65,65
65,65,70
65,70,65
70,65,65
65,65,60
65,60,60
60,60,62
60,62,58
62,58,58
58,58,62
58,62,65
62,65,65
65,65,58
65,58,62
58,62,65
62,65,65
65,65,67
65,67,70
67,70,65
70,65,70
65,70,65
70,65,65
65,65,70
65,70,65
70,65,65
65,65,60
65,60,60
60,60,62
60,62,58
62,58,58
58,58,62
58,62,65
62,65,65
65,65,58
65,58,62
58,62,65
62,65,65
65,65,67
65,67,70
67,70,65
70,65,70
65,70,65
70,65,65
65,65,70
65,70,65
70,65,65
65,65,60
65,60,60
60,60,62
60,62,58
62,58,58
58,58,62
58,62,65
62,65,65
65,65,58
65,58,62
58,62,65
62,65,65
65,65,67
65,67,70
67,70,65
70,65,70
65,70,65
70,65,65
65,65,70
65,70,65
70,65,65
65,65,60
65,60,60
60,60,62
60,62,58
62,58,58
58,58,62
58,62,65
62,65,65
65,65,58
65,58,62
58,62,65
62,65,65
65,65,67
65,67,70
67,70,65
70,65,70
65,70,65
70,65,65
65,65,70
65,70,65
70,65,65
65,65,60
65,60,60
60,60,62
60,62,58
62,58,64
58,64,61
64,61,64
61,64,64
64,64,61
64,61,64
61,64,66
64,66,64
66,64,62
64,62,61
62,61,59
61,59,61
59,61,62
61,62,61
62,61,62
61,62,64
62,64,57
64,57,57
57,57,57
57,57,57
57,57,57
57,57,59
57,59,61
59,61,62
61,62,64
62,64,64
64,64,59
64,59,59
59,59,62
59,62,61
62,61,59
61,59,57
59,57,64
57,64,61
64,61,64
61,64,64
64,64,61
64,61,64
61,64,66
64,66,64
66,64,62
64,62,61
62,61,59
61,59,61
59,61,62
61,62,61
62,61,62
61,62,64
62,64,57
64,57,57
57,57,57
57,57,57
57,57,57
57,57,59
57,59,61
59,61,62
61,62,64
62,64,64
64,64,59
64,59,59
59,59,62
59,62,61
62,61,59
61,59,57
59,57,64
57,64,61
64,61,64
61,64,64
64,64,61
64,61,64
61,64,66
64,66,64
66,64,62
64,62,61
62,61,59
61,59,61
59,61,62
61,62,61
62,61,62
61,62,64
62,64,57
64,57,57
57,57,57
57,57,57
57,57,57
57,57,59
57,59,61
59,61,62
61,62,64
62,64,64
64,64,59
64,59,59
59,59,62
59,62,61
62,61,59
61,59,57
59,57,64
57,64,61
64,61,64
61,64,64
64,64,61
64,61,64
61,64,66
64,66,64
66,64,62
64,62,61
62,61,59
61,59,61
59,61,62
61,62,61
62,61,62
61,62,64
62,64,57
64,57,57
57,57,57
57,57,57
57,57,57
57,57,59
57,59,61
59,61,62
61,62,64
62,64,64
64,64,59
64,59,59
59,59,62
59,62,61
62,61,59
61,59,57
59,57,64
57,64,61
64,61,64
61,64,64
64,64,61
64,61,64
61,64,66
64,66,64
66,64,62
64,62,61
62,61,59
61,59,61
59,61,62
61,62,61
62,61,62
61,62,64
62,64,57
64,57,57
57,57,57
57,57,57
57,57,57
57,57,59
57,59,61
59,61,62
61,62,64
62,64,64
64,64,59
64,59,59
59,59,62
59,62,61
62,61,59
61,59,57
59,57,64
57,64,61
64,61,64
61,64,64
64,64,61
64,61,64
61,64,66
64,66,64
66,64,62
64,62,61
62,61,59
61,59,61
59,61,62
61,62,61
62,61,62
61,62,64
62,64,57
64,57,57
57,57,57
57,57,57
57,57,57
57,57,59
57,59,61
59,61,62
61,62,64
62,64,64
64,64,59
64,59,59
59,59,62
59,62,61
62,61,59
61,59,57
59,57,64
57,64,61
64,61,64
61,64,64
64,64,61
64,61,64
61,64,64
64,64,66
64,66,64
66,64,62
64,62,61
62,61,59
61,59,61
59,61,62
61,62,62
62,62,61
62,61,62
61,62,64
62,64,57
64,57,57
57,57,57
57,57,57
57,57,57
57,57,59
57,59,61
59,61,62
61,62,64
62,64,64
64,64,59
64,59,59
59,59,62
59,62,61
62,61,59
61,59,57
59,57,64
57,64,61
64,61,64
61,64,64
64,64,61
64,61,64
61,64,66
64,66,64
66,64,62
64,62,61
62,61,59
61,59,61
59,61,62
61,62,61
62,61,62
61,62,64
62,64,57
64,57,57
57,57,57
57,57,57
57,57,57
57,57,59
57,59,61
59,61,62
61,62,64
62,64,64
64,64,59
64,59,59
59,59,62
59,62,61
62,61,59
61,59,57
59,57,61
57,61,61
61,61,61
61,61,61
61,61,58
61,58,61
58,61,61
61,61,61
61,61,61
61,61,58
61,58,61
58,61,58
61,58,61
58,61,66
61,66,65
66,65,68
65,68,68
68,68,68
68,68,68
68,68,66
68,66,65
66,65,65
65,65,65
65,65,65
65,65,63
65,63,61
63,61,61
61,61,59
61,59,59
59,59,58
59,58,61
58,61,61
61,61,61
61,61,61
61,61,58
61,58,61
58,61,61
61,61,61
61,61,61
61,61,58
61,58,61
58,61,58
61,58,61
58,61,66
61,66,65
66,65,68
65,68,68
68,68,68
68,68,68
68,68,66
68,66,65
66,65,65
65,65,65
65,65,65
65,65,63
65,63,61
63,61,61
61,61,61
61,61,63
61,63,65
63,65,66
65,66,59
66,59,54
59,54,59
54,59,63
59,63,66
63,66,66
66,66,66
66,66,61
66,61,58
61,58,54
58,54,58
54,58,61
58,61,59
61,59,54
59,54,59
54,59,63
59,63,66
63,66,66
66,66,66
66,66,66
66,66,68
66,68,66
68,66,65
66,65,63
65,63,61
63,61,63
61,63,65
63,65,61
65,61,61
61,61,61
61,61,58
61,58,61
58,61,61
61,61,61
61,61,58
61,58,61
58,61,58
61,58,61
58,61,66
61,66,65
66,65,68
65,68,68
68,68,68
68,68,68
68,68,66
68,66,65
66,65,65
65,65,65
65,65,65
65,65,63
65,63,61
63,61,61
61,61,61
61,61,63
61,63,65
63,65,66
65,66,61
66,61,61
61,61,61
61,61,61
61,61,58
61,58,61
58,61,61
61,61,61
61,61,61
61,61,58
61,58,61
58,61,58
61,58,61
58,61,66
61,66,65
66,65,68
65,68,68
68,68,68
68,68,68
68,68,66
68,66,65
66,65,65
65,65,65
65,65,65
65,65,63
65,63,61
63,61,61
61,61,59
61,59,59
59,59,58
59,58,61
58,61,61
61,61,61
61,61,61
61,61,58
61,58,61
58,61,61
61,61,61
61,61,61
61,61,58
61,58,61
58,61,58
61,58,61
58,61,66
61,66,65
66,65,68
65,68,68
68,68,68
68,68,68
68,68,66
68,66,65
66,65,65
65,65,65
65,65,65
65,65,63
65,63,61
63,61,61
61,61,61
61,61,63
61,63,65
63,65,66
65,66,59
66,59,54
59,54,59
54,59,63
59,63,66
63,66,66
66,66,66
66,66,61
66,61,58
61,58,54
58,54,58
54,58,61
58,61,59
61,59,54
59,54,59
54,59,63
59,63,66
63,66,66
66,66,66
66,66,66
66,66,68
66,68,66
68,66,65
66,65,63
65,63,61
63,61,63
61,63,65
63,65,61
65,61,61
61,61,61
61,61,58
61,58,61
58,61,61
61,61,61
61,61,58
61,58,61
58,61,58
61,58,61
58,61,66
61,66,65
66,65,68
65,68,68
68,68,68
68,68,68
68,68,66
68,66,65
66,65,65
65,65,65
65,65,65
65,65,63
65,63,61
63,61,61
61,61,61
61,61,63
61,63,65
63,65,66
65,66,62
66,62,66
62,66,67
66,67,67
67,67,69
67,69,69
69,69,66
69,66,69
66,69,67
69,67,66
67,66,67
66,67,64
67,64,66
64,66,62
66,62,64
62,64,66
64,66,67
66,67,67
67,67,69
67,69,69
69,69,66
69,66,69
66,69,67
69,67,66
67,66,67
66,67,64
67,64,62
64,62,69
62,69,74
69,74,73
74,73,71
73,71,69
71,69,69
69,69,66
69,66,69
66,69,67
69,67,66
67,66,67
66,67,64
67,64,66
64,66,69
66,69,74
69,74,73
74,73,71
73,71,69
71,69,69
69,69,66
69,66,69
66,69,67
69,67,66
67,66,67
66,67,64
67,64,62
64,62,69
62,69,67
69,67,64
67,64,62
64,62,64
62,64,66
64,66,69
66,69,74
69,74,73
74,73,71
73,71,69
71,69,69
69,69,66
69,66,69
66,69,67
69,67,66
67,66,67
66,67,64
67,64,62
64,62,62
62,62,66
62,66,67
66,67,67
67,67,69
67,69,69
69,69,66
69,66,69
66,69,67
69,67,66
67,66,67
66,67,64
67,64,66
64,66,62
66,62,66
62,66,67
66,67,67
67,67,69
67,69,69
69,69,66
69,66,69
66,69,67
69,67,66
67,66,67
66,67,64
67,64,62
64,62,69
62,69,74
69,74,73
74,73,71
73,71,69
71,69,69
69,69,66
69,66,69
66,69,67
69,67,66
67,66,67
66,67,64
67,64,66
64,66,69
66,69,69
69,69,74
69,74,73
74,73,71
73,71,69
71,69,69
69,69,66
69,66,69
66,69,67
69,67,66
67,66,67
66,67,64
67,64,62
64,62,69
62,69,67
69,67,64
67,64,62
64,62,64
62,64,66
64,66,69
66,69,74
69,74,73
74,73,71
73,71,69
71,69,69
69,69,66
69,66,69
66,69,67
69,67,66
67,66,67
66,67,64
67,64,62
64,62,64
62,64,62
64,62,60
62,60,62
60,62,64
62,64,64
64,64,64
64,64,62
64,62,62
62,62,62
62,62,64
62,64,67
64,67,67
67,67,64
67,64,62
64,62,60
62,60,62
60,62,64
62,64,64
64,64,64
64,64,64
64,64,62
64,62,62
62,62,64
62,64,62
64,62,60
62,60,55
60,55,64
55,64,62
64,62,60
62,60,62
60,62,64
62,64,64
64,64,64
64,64,62
64,62,62
62,62,62
62,62,64
62,64,67
64,67,67
67,67,64
67,64,62
64,62,60
62,60,62
60,62,64
62,64,64
64,64,64
64,64,64
64,64,62
64,62,62
62,62,64
62,64,62
64,62,60
62,60,55
60,55,64
55,64,62
64,62,60
62,60,62
60,62,64
62,64,64
64,64,64
64,64,62
64,62,62
62,62,62
62,62,64
62,64,67
64,67,67
67,67,55
67,55,64
55,64,62
64,62,60
62,60,62
60,62,64
62,64,64
64,64,64
64,64,64
64,64,62
64,62,62
62,62,64
62,64,62
64,62,60
62,60,55
60,55,64
55,64,62
64,62,60
62,60,62
60,62,64
62,64,64
64,64,64
64,64,62
64,62,62
62,62,62
62,62,64
62,64,67
64,67,67
67,67,55
67,55,64
55,64,62
64,62,60
62,60,62
60,62,64
62,64,64
64,64,64
64,64,64
64,64,62
64,62,62
62,62,64
62,64,62
64,62,60
62,60,58
60,58,63
58,63,65
63,65,67
65,67,67
67,67,67
67,67,65
67,65,63
65,63,65
63,65,67
65,67,63
67,63,58
63,58,63
58,63,63
63,63,67
63,67,65
67,65,63
65,63,62
63,62,63
62,63,70
63,70,70
70,70,67
70,67,68
67,68,68
68,68,65
68,65,67
65,67,67
67,67,63
67,63,65
63,65,70
65,70,70
70,70,67
70,67,68
67,68,68
68,68,65
68,65,67
65,67,70
67,70,65
70,65,58
65,58,63
58,63,65
63,65,67
65,67,67
67,67,67
67,67,65
67,65,63
65,63,65
63,65,67
65,67,63
67,63,58
63,58,63
58,63,63
63,63,67
63,67,65
67,65,63
65,63,62
63,62,63
62,63,59
63,59,64
59,64,66
64,66,68
66,68,68
68,68,68
68,68,66
68,66,64
66,64,66
64,66,68
66,68,64
68,64,59
64,59,64
59,64,64
64,64,68
64,68,66
68,66,64
66,64,63
64,63,64
63,64,71
64,71,71
71,71,68
71,68,69
68,69,69
69,69,66
69,66,68
66,68,68
68,68,64
68,64,66
64,66,71
66,71,71
71,71,68
71,68,69
68,69,69
69,69,66
69,66,68
66,68,71
68,71,66
71,66,59
66,59,64
59,64,66
64,66,68
66,68,68
68,68,68
68,68,66
68,66,64
66,64,66
64,66,68
66,68,64
68,64,59
64,59,64
59,64,64
64,64,68
64,68,66
68,66,64
66,64,63
64,63,64
63,64,60
64,60,65
60,65,65
65,65,69
65,69,69
69,69,69
69,69,67
69,67,65
67,65,67
65,67,69
67,69,65
69,65,60
65,60,65
60,65,65
65,65,69
65,69,67
69,67,65
67,65,65
65,65,65
65,65,72
65,72,72
72,72,69
72,69,70
69,70,70
70,70,67
70,67,69
67,69,69
69,69,65
69,65,67
65,67,72
67,72,72
72,72,69
72,69,70
69,70,70
70,70,67
70,67,69
67,69,72
69,72,67
72,67,60
67,60,65
60,65,67
65,67,69
67,69,69
69,69,69
69,69,67
69,67,65
67,65,67
65,67,69
67,69,65
69,65,60
65,60,65
60,65,65
65,65,69
65,69,67
69,67,65
67,65,64
65,64,65
64,65,73
65,73,72
73,72,70
72,70,68
70,68,66
68,66,65
66,65,63
65,63,61
63,61,68
61,68,70
68,70,70
70,70,72
70,72,72
72,72,73
72,73,73
73,73,73
73,73,72
73,72,70
72,70,68
70,68,66
68,66,73
66,73,73
73,73,72
73,72,70
72,70,68
70,68,66
68,66,65
66,65,65
65,65,65
65,65,65
65,65,65
65,65,66
65,66,68
66,68,65
68,65,63
65,63,63
63,63,63
63,63,63
63,63,65
63,65,66
65,66,63
66,63,61
63,61,73
61,73,70
73,70,68
70,68,66
68,66,65
66,65,66
65,66,65
66,65,63
65,63,61
63,61,73
61,73,72
73,72,70
72,70,68
70,68,66
68,66,65
66,65,63
65,63,61
63,61,68
61,68,70
68,70,70
70,70,72
70,72,72
72,72,73
72,73,73
73,73,73
73,73,72
73,72,70
72,70,68
70,68,66
68,66,65
66,65,73
65,73,73
73,73,72
73,72,70
72,70,68
70,68,68
68,68,65
68,65,65
65,65,65
65,65,65
65,65,65
65,65,66
65,66,68
66,68,65
68,65,63
65,63,63
63,63,63
63,63,65
63,65,66
65,66,63
66,63,61
63,61,73
61,73,70
73,70,68
70,68,66
68,66,65
66,65,66
65,66,65
66,65,63
65,63,61
63,61,73
61,73,72
73,72,70
72,70,68
70,68,66
68,66,65
66,65,63
65,63,61
63,61,68
61,68,70
68,70,70
70,70,72
70,72,72
72,72,73
72,73,72
73,72,73
72,73,72
73,72,70
72,70,68
70,68,68
68,68,66
68,66,65
66,65,73
65,73,73
73,73,72
73,72,70
72,70,68
70,68,68
68,68,66
68,66,65
66,65,65
65,65,65
65,65,65
65,65,65
65,65,66
65,66,68
66,68,65
68,65,63
65,63,63
63,63,63
63,63,65
63,65,66
65,66,63
66,63,61
63,61,73
61,73,70
73,70,68
70,68,66
68,66,65
66,65,66
65,66,65
66,65,63
65,63,61
63,61,60
61,60,64
60,64,67
64,67,67
67,67,65
67,65,64
65,64,62
64,62,59
62,59,62
59,62,62
62,62,65
62,65,64
65,64,64
64,64,62
64,62,60
62,60,60
60,60,64
60,64,67
64,67,67
67,67,65
67,65,64
65,64,62
64,62,59
62,59,59
59,59,62
59,62,62
62,62,65
62,65,65
65,65,64
65,64,65
64,65,64
65,64,62
64,62,60
62,60,60
60,60,64
60,64,64
64,64,67
64,67,65
67,65,64
65,64,64
64,64,62
64,62,59
62,59,62
59,62,62
62,62,65
62,65,65
65,65,64
65,64,64
64,64,60
64,60,61
60,61,65
61,65,68
65,68,68
68,68,66
68,66,65
66,65,63
65,63,60
63,60,63
60,63,63
63,63,66
63,66,65
66,65,65
65,65,63
65,63,61
63,61,61
61,61,65
61,65,68
65,68,68
68,68,66
68,66,65
66,65,63
65,63,60
63,60,60
60,60,63
60,63,63
63,63,66
63,66,66
66,66,65
66,65,66
65,66,65
66,65,63
65,63,61
63,61,61
61,61,65
61,65,65
65,65,68
65,68,66
68,66,65
66,65,65
65,65,63
65,63,60
63,60,63
60,63,63
63,63,66
63,66,66
66,66,65
66,65,65
65,65,61
65,61,62
61,62,66
62,66,69
66,69,69
69,69,67
69,67,66
67,66,64
66,64,61
64,61,64
61,64,64
64,64,67
64,67,66
67,66,66
66,66,64
66,64,62
64,62,62
62,62,66
62,66,69
66,69,69
69,69,67
69,67,66
67,66,64
66,64,61
64,61,61
61,61,64
61,64,64
64,64,67
64,67,67
67,67,66
67,66,67
66,67,66
67,66,64
66,64,62
64,62,62
62,62,66
62,66,66
66,66,69
66,69,67
69,67,66
67,66,66
66,66,64
66,64,61
64,61,64
61,64,64
64,64,67
64,67,67
67,67,66
67,66,66
66,66,62
66,62,58
62,58,58
58,58,58
58,58,60
58,60,62
60,62,62
62,62,60
62,60,62
60,62,63
62,63,65
63,65,70
65,70,70
70,70,65
70,65,65
65,65,62
65,62,62
62,62,58
62,58,58
58,58,65
58,65,63
65,63,62
63,62,60
62,60,58
60,58,58
58,58,58
58,58,58
58,58,60
58,60,62
60,62,62
62,62,60
62,60,62
60,62,63
62,63,65
63,65,70
65,70,70
70,70,65
70,65,65
65,65,62
65,62,62
62,62,58
62,58,65
58,65,63
65,63,62
63,62,60
62,60,58
60,58,58
58,58,58
58,58,58
58,58,60
58,60,62
60,62,62
62,62,60
62,60,62
60,62,63
62,63,65
63,65,65
65,65,70
65,70,70
70,70,65
70,65,65
65,65,62
65,62,62
62,62,58
62,58,65
58,65,63
65,63,62
63,62,60
62,60,58
60,58,58
58,58,58
58,58,58
58,58,58
58,58,60
58,60,62
60,62,62
62,62,60
62,60,62
60,62,63
62,63,65
63,65,70
65,70,70
70,70,65
70,65,65
65,65,62
65,62,58
62,58,65
58,65,63
65,63,62
63,62,60
62,60,58
60,58,60
58,60,60
60,60,60
60,60,64
60,64,60
64,60,67
60,67,65
67,65,64
65,64,62
64,62,64
62,64,65
64,65,64
65,64,60
64,60,60
60,60,60
60,60,64
60,64,60
64,60,67
60,67,67
67,67,65
67,65,64
65,64,59
64,59,60
59,60,60
60,60,60
60,60,60
60,60,64
60,64,60
64,60,67
60,67,65
67,65,64
65,64,62
64,62,64
62,64,65
64,65,64
65,64,60
64,60,60
60,60,60
60,60,64
60,64,60
64,60,67
60,67,67
67,67,65
67,65,64
65,64,59
64,59,60
59,60,60
60,60,60
60,60,60
60,60,64
60,64,60
64,60,67
60,67,65
67,65,64
65,64,62
64,62,64
62,64,65
64,65,64
65,64,60
64,60,60
60,60,60
60,60,64
60,64,60
64,60,67
60,67,67
67,67,65
67,65,64
65,64,59
64,59,60
59,60,60
60,60,60
60,60,60
60,60,64
60,64,60
64,60,67
60,67,65
67,65,64
65,64,62
64,62,64
62,64,65
64,65,64
65,64,60
64,60,60
60,60,60
60,60,64
60,64,60
64,60,67
60,67,67
67,67,65
67,65,64
65,64,59
64,59,60
59,60,62
60,62,64
62,64,62
64,62,67
62,67,67
67,67,67
67,67,62
67,62,64
62,64,62
64,62,67
62,67,67
67,67,67
67,67,62
67,62,64
62,64,62
64,62,67
62,67,67
67,67,67
67,67,64
67,64,62
64,62,62
62,62,66
62,66,65
66,65,66
65,66,65
66,65,66
65,66,62
66,62,66
62,66,65
66,65,66
65,66,65
66,65,66
65,66,66
66,66,64
66,64,62
64,62,66
62,66,65
66,65,66
65,66,65
66,65,66
65,66,62
66,62,62
62,62,62
62,62,64
62,64,66
64,66,67
66,67,62
67,62,64
62,64,62
64,62,67
62,67,67
67,67,67
67,67,62
67,62,64
62,64,62
64,62,67
62,67,67
67,67,67
67,67,62
67,62,64
62,64,62
64,62,67
62,67,67
67,67,67
67,67,64
67,64,62
64,62,62
62,62,66
62,66,65
66,65,66
65,66,65
66,65,66
65,66,62
66,62,66
62,66,65
66,65,66
65,66,65
66,65,66
65,66,66
66,66,64
66,64,62
64,62,66
62,66,65
66,65,66
65,66,65
66,65,66
65,66,62
66,62,62
62,62,62
62,62,64
62,64,66
64,66,67
66,67,62
67,62,64
62,64,62
64,62,67
62,67,67
67,67,67
67,67,62
67,62,64
62,64,62
64,62,67
62,67,67
67,67,67
67,67,62
67,62,64
62,64,62
64,62,67
62,67,67
67,67,67
67,67,64
67,64,62
64,62,62
62,62,66
62,66,65
66,65,66
65,66,65
66,65,66
65,66,62
66,62,66
62,66,65
66,65,66
65,66,65
66,65,66
65,66,66
66,66,64
66,64,62
64,62,66
62,66,65
66,65,66
65,66,65
66,65,66
65,66,62
66,62,62
62,62,62
62,62,64
62,64,66
64,66,67
66,67,62
67,62,64
62,64,62
64,62,67
62,67,67
67,67,67
67,67,62
67,62,64
62,64,62
64,62,67
62,67,67
67,67,67
67,67,62
67,62,64
62,64,62
64,62,67
62,67,67
67,67,67
67,67,64
67,64,62
64,62,62
62,62,66
62,66,65
66,65,66
65,66,65
66,65,66
65,66,62
66,62,66
62,66,65
66,65,66
65,66,65
66,65,66
65,66,66
66,66,64
66,64,62
64,62,66
62,66,65
66,65,66
65,66,65
66,65,66
65,66,62
66,62,62
62,62,62
62,62,64
62,64,66
64,66,67
66,67,59
67,59,57
59,57,55
57,55,57
55,57,59
57,59,60
59,60,62
60,62,64
62,64,66
64,66,67
66,67,66
67,66,64
66,64,62
64,62,64
62,64,66
64,66,67
66,67,66
67,66,64
66,64,62
64,62,64
62,64,66
64,66,67
66,67,62
67,62,60
62,60,59
60,59,59
59,59,57
59,57,55
57,55,57
55,57,59
57,59,62
59,62,64
62,64,66
64,66,67
66,67,66
67,66,64
66,64,62
64,62,64
62,64,66
64,66,67
66,67,66
67,66,64
66,64,62
64,62,64
62,64,66
64,66,67
66,67,62
67,62,60
62,60,59
60,59,59
59,59,57
59,57,55
57,55,57
55,57,59
57,59,60
59,60,62
60,62,67
62,67,66
67,66,64
66,64,64
64,64,62
64,62,67
62,67,66
67,66,64
66,64,62
64,62,64
62,64,66
64,66,67
66,67,62
67,62,60
62,60,59
60,59,59
59,59,57
59,57,55
57,55,57
55,57,59
57,59,60
59,60,62
60,62,64
62,64,66
64,66,67
66,67,66
67,66,64
66,64,62
64,62,64
62,64,66
64,66,67
66,67,66
67,66,64
66,64,62
64,62,64
62,64,66
64,66,67
66,67,62
67,62,60
62,60,59
60,59,59
59,59,57
59,57,55
57,55,57
55,57,59
57,59,60
59,60,62
60,62,64
62,64,66
64,66,67
66,67,66
67,66,64
66,64,62
64,62,64
62,64,66
64,66,67
66,67,66
67,66,64
66,64,62
64,62,64
62,64,66
64,66,67
66,67,62
67,62,60
62,60,59
60,59,59
59,59,57
59,57,55
57,55,57
55,57,59
57,59,60
59,60,62
60,62,67
62,67,66
67,66,64
66,64,64
64,64,62
64,62,67
62,67,66
67,66,64
66,64,62
64,62,64
62,64,66
64,66,67
66,67,62
67,62,60
62,60,59
60,59,65
59,65,65
65,65,65
65,65,68
65,68,68
68,68,66
68,66,65
66,65,65
65,65,63
65,63,65
63,65,68
65,68,65
68,65,63
65,63,61
63,61,65
61,65,65
65,65,65
65,65,68
65,68,68
68,68,66
68,66,65
66,65,65
65,65,63
65,63,65
63,65,68
65,68,65
68,65,63
65,63,61
63,61,68
61,68,70
68,70,68
70,68,66
68,66,65
66,65,66
65,66,68
66,68,66
68,66,65
66,65,63
65,63,65
63,65,66
65,66,65
66,65,63
65,63,61
63,61,63
61,63,56
63,56,56
56,56,61
56,61,63
61,63,65
63,65,66
65,66,65
66,65,63
65,63,63
63,63,68
63,68,70
68,70,68
70,68,66
68,66,65
66,65,66
65,66,68
66,68,66
68,66,65
66,65,63
65,63,65
63,65,66
65,66,65
66,65,63
65,63,61
63,61,63
61,63,56
63,56,56
56,56,61
56,61,63
61,63,65
63,65,66
65,66,65
66,65,63
65,63,61
63,61,61
61,61,65
61,65,65
65,65,65
65,65,68
65,68,68
68,68,66
68,66,65
66,65,65
65,65,63
65,63,65
63,65,68
65,68,65
68,65,63
65,63,61
63,61,65
61,65,65
65,65,65
65,65,68
65,68,68
68,68,66
68,66,65
66,65,65
65,65,63
65,63,65
63,65,68
65,68,65
68,65,63
65,63,63
63,63,61
63,61,68
61,68,70
68,70,68
70,68,66
68,66,65
66,65,66
65,66,68
66,68,66
68,66,65
66,65,63
65,63,65
63,65,66
65,66,65
66,65,63
65,63,61
63,61,63
61,63,56
63,56,56
56,56,61
56,61,63
61,63,65
63,65,66
65,66,65
66,65,63
65,63,63
63,63,68
63,68,70
68,70,68
70,68,66
68,66,65
66,65,66
65,66,68
66,68,66
68,66,65
66,65,63
65,63,65
63,65,66
65,66,65
66,65,63
65,63,61
63,61,63
61,63,56
63,56,56
56,56,61
56,61,63
61,63,65
63,65,66
65,66,65
66,65,63
65,63,61
63,61,61
61,61,65
61,65,65
65,65,65
65,65,68
65,68,68
68,68,66
68,66,65
66,65,65
65,65,63
65,63,65
63,65,68
65,68,65
68,65,63
65,63,61
63,61,65
61,65,65
65,65,65
65,65,68
65,68,68
68,68,66
68,66,65
66,65,65
65,65,63
65,63,65
63,65,68
65,68,65
68,65,63
65,63,61
63,61,68
61,68,70
68,70,68
70,68,66
68,66,65
66,65,66
65,66,68
66,68,66
68,66,65
66,65,63
65,63,65
63,65,66
65,66,65
66,65,63
65,63,61
63,61,63
61,63,56
63,56,56
56,56,61
56,61,63
61,63,65
63,65,66
65,66,65
66,65,63
65,63,63
63,63,68
63,68,70
68,70,68
70,68,66
68,66,65
66,65,66
65,66,68
66,68,66
68,66,65
66,65,63
65,63,65
63,65,66
65,66,65
66,65,63
65,63,61
63,61,63
61,63,56
63,56,56
56,56,61
56,61,63
61,63,65
63,65,66
65,66,65
66,65,63
65,63,61
63,61,61
61,61,68
61,68,67
68,67,65
67,65,63
65,63,61
63,61,60
61,60,58
60,58,56
58,56,63
56,63,65
63,65,65
65,65,67
65,67,67
67,67,68
67,68,68
68,68,68
68,68,67
68,67,65
67,65,63
65,63,61
63,61,60
61,60,68
60,68,68
68,68,67
68,67,65
67,65,63
65,63,60
63,60,60
60,60,60
60,60,60
60,60,60
60,60,60
60,60,61
60,61,63
61,63,60
63,60,58
60,58,58
58,58,58
58,58,58
58,58,60
58,60,61
60,61,58
61,58,56
58,56,68
56,68,65
68,65,63
65,63,61
63,61,60
61,60,61
60,61,60
61,60,58
60,58,56
58,56,68
56,68,67
68,67,65
67,65,63
65,63,61
63,61,60
61,60,58
60,58,56
58,56,63
56,63,65
63,65,65
65,65,67
65,67,67
67,67,68
67,68,68
68,68,68
68,68,67
68,67,65
67,65,63
65,63,61
63,61,60
61,60,68
60,68,68
68,68,67
68,67,65
67,65,63
65,63,63
63,63,61
63,61,60
61,60,60
60,60,60
60,60,60
60,60,61
60,61,63
61,63,60
63,60,58
60,58,58
58,58,58
58,58,60
58,60,61
60,61,58
61,58,56
58,56,68
56,68,65
68,65,63
65,63,61
63,61,60
61,60,61
60,61,60
61,60,58
60,58,56
58,56,68
56,68,67
68,67,65
67,65,63
65,63,61
63,61,60
61,60,58
60,58,56
58,56,63
56,63,65
63,65,65
65,65,67
65,67,67
67,67,68
67,68,67
68,67,68
67,68,67
68,67,65
67,65,63
65,63,63
63,63,61
63,61,68
61,68,68
68,68,67
68,67,65
67,65,63
65,63,63
63,63,61
63,61,60
61,60,60
60,60,60
60,60,60
60,60,60
60,60,61
60,61,63
61,63,60
63,60,58
60,58,58
58,58,58
58,58,60
58,60,61
60,61,58
61,58,56
58,56,68
56,68,65
68,65,63
65,63,61
63,61,60
61,60,61
60,61,60
61,60,58
60,58,56
58,56,58
56,58,62
58,62,65
62,65,65
65,65,63
65,63,62
63,62,60
62,60,57
60,57,60
57,60,60
60,60,63
60,63,62
63,62,62
62,62,60
62,60,58
60,58,58
58,58,62
58,62,65
62,65,65
65,65,63
65,63,62
63,62,60
62,60,57
60,57,57
57,57,60
57,60,60
60,60,63
60,63,63
63,63,62
63,62,63
62,63,62
63,62,60
62,60,58
60,58,58
58,58,62
58,62,62
62,62,65
62,65,63
65,63,62
63,62,62
62,62,60
62,60,57
60,57,60
57,60,60
60,60,63
60,63,63
63,63,62
63,62,62
62,62,58
62,58,59
58,59,63
59,63,66
63,66,66
66,66,64
66,64,63
64,63,61
63,61,58
61,58,61
58,61,61
61,61,64
61,64,63
64,63,63
63,63,61
63,61,59
61,59,59
59,59,63
59,63,66
63,66,66
66,66,64
66,64,63
64,63,61
63,61,58
61,58,58
58,58,61
58,61,61
61,61,64
61,64,64
64,64,63
64,63,64
63,64,63
64,63,61
63,61,59
61,59,59
59,59,63
59,63,63
63,63,66
63,66,64
66,64,63
64,63,63
63,63,61
63,61,58
61,58,61
58,61,61
61,61,64
61,64,64
64,64,63
64,63,63
63,63,59
63,59,60
59,60,64
60,64,67
64,67,67
67,67,65
67,65,64
65,64,62
64,62,59
62,59,62
59,62,62
62,62,65
62,65,64
65,64,64
64,64,62
64,62,60
62,60,60
60,60,64
60,64,67
64,67,67
67,67,65
67,65,64
65,64,62
64,62,59
62,59,59
59,59,62
59,62,62
62,62,65
62,65,65
65,65,64
65,64,65
64,65,64
65,64,62
64,62,60
62,60,60
60,60,64
60,64,64
64,64,67
64,67,65
67,65,64
65,64,64
64,64,62
64,62,59
62,59,62
59,62,62
62,62,65
62,65,65
65,65,64
65,64,64
64,64,60
64,60,61
60,61,61
61,61,61
61,61,63
61,63,65
63,65,65
65,65,63
65,63,65
63,65,66
65,66,68
66,68,73
68,73,73
73,73,68
73,68,68
68,68,65
68,65,65
65,65,61
65,61,61
61,61,68
61,68,66
68,66,65
66,65,63
65,63,61
63,61,61
61,61,61
61,61,61
61,61,63
61,63,65
63,65,65
65,65,63
65,63,65
63,65,66
65,66,68
66,68,73
68,73,73
73,73,68
73,68,68
68,68,65
68,65,65
65,65,61
65,61,68
61,68,66
68,66,65
66,65,63
65,63,61
63,61,61
61,61,61
61,61,61
61,61,63
61,63,65
63,65,65
65,65,63
65,63,65
63,65,66
65,66,68
66,68,68
68,68,73
68,73,73
73,73,68
73,68,68
68,68,65
68,65,65
65,65,61
65,61,68
61,68,66
68,66,65
66,65,63
65,63,61
63,61,61
61,61,61
61,61,61
61,61,61
61,61,63
61,63,65
63,65,65
65,65,63
65,63,65
63,65,66
65,66,68
66,68,73
68,73,73
73,73,68
73,68,68
68,68,65
68,65,61
65,61,68
61,68,66
68,66,65
66,65,63
65,63,61
63,61,63
61,63,63
63,63,63
63,63,67
63,67,63
67,63,70
63,70,68
70,68,67
68,67,65
67,65,67
65,67,68
67,68,67
68,67,63
67,63,63
63,63,63
63,63,67
63,67,63
67,63,70
63,70,70
70,70,68
70,68,67
68,67,62
67,62,63
62,63,63
63,63,63
63,63,63
63,63,67
63,67,63
67,63,70
63,70,68
70,68,67
68,67,65
67,65,67
65,67,68
67,68,67
68,67,63
67,63,63
63,63,63
63,63,67
63,67,63
67,63,70
63,70,70
70,70,68
70,68,67
68,67,62
67,62,63
62,63,63
63,63,63
63,63,63
63,63,67
63,67,63
67,63,70
63,70,68
70,68,67
68,67,65
67,65,67
65,67,68
67,68,67
68,67,63
67,63,63
63,63,63
63,63,67
63,67,63
67,63,70
63,70,70
70,70,68
70,68,67
68,67,62
67,62,63
62,63,63
63,63,63
63,63,63
63,63,67
63,67,63
67,63,70
63,70,68
70,68,67
68,67,65
67,65,67
65,67,68
67,68,67
68,67,63
67,63,63
63,63,63
63,63,67
63,67,63
67,63,70
63,70,70
70,70,68
70,68,67
68,67,62
67,62,63
62,63,59
63,59,61
59,61,59
61,59,64
59,64,64
64,64,64
64,64,59
64,59,61
59,61,59
61,59,64
59,64,64
64,64,64
64,64,59
64,59,61
59,61,59
61,59,64
59,64,64
64,64,64
64,64,61
64,61,59
61,59,59
59,59,63
59,63,62
63,62,63
62,63,62
63,62,63
62,63,59
63,59,63
59,63,62
63,62,63
62,63,62
63,62,63
62,63,63
63,63,61
63,61,59
61,59,63
59,63,62
63,62,63
62,63,62
63,62,63
62,63,59
63,59,59
59,59,59
59,59,61
59,61,63
61,63,64
63,64,59
64,59,61
59,61,59
61,59,64
59,64,64
64,64,64
64,64,59
64,59,61
59,61,59
61,59,64
59,64,64
64,64,64
64,64,59
64,59,61
59,61,59
61,59,64
59,64,64
64,64,64
64,64,61
64,61,59
61,59,59
59,59,63
59,63,62
63,62,63
62,63,62
63,62,63
62,63,59
63,59,63
59,63,62
63,62,63
62,63,62
63,62,63
62,63,63
63,63,61
63,61,59
61,59,63
59,63,62
63,62,63
62,63,62
63,62,63
62,63,59
63,59,59
59,59,59
59,59,61
59,61,63
61,63,64
63,64,59
64,59,61
59,61,59
61,59,64
59,64,64
64,64,64
64,64,59
64,59,61
59,61,59
61,59,64
59,64,64
64,64,64
64,64,59
64,59,61
59,61,59
61,59,64
59,64,64
64,64,64
64,64,61
64,61,59
61,59,59
59,59,63
59,63,62
63,62,63
62,63,62
63,62,63
62,63,59
63,59,63
59,63,62
63,62,63
62,63,62
63,62,63
62,63,63
63,63,61
63,61,59
61,59,63
59,63,62
63,62,63
62,63,61
63,61,63
61,63,59
63,59,59
59,59,59
59,59,61
59,61,63
61,63,64
63,64,59
64,59,61
59,61,59
61,59,64
59,64,64
64,64,64
64,64,59
64,59,61
59,61,59
61,59,64
59,64,64
64,64,64
64,64,59
64,59,61
59,61,59
61,59,64
59,64,64
64,64,64
64,64,61
64,61,59
61,59,59
59,59,63
59,63,62
63,62,63
62,63,62
63,62,63
62,63,59
63,59,63
59,63,62
63,62,63
62,63,62
63,62,63
62,63,63
63,63,61
63,61,59
61,59,63
59,63,62
63,62,63
62,63,62
63,62,63
62,63,59
63,59,59
59,59,59
59,59,61
59,61,63
61,63,64
63,64,62
64,62,60
62,60,58
60,58,60
58,60,62
60,62,63
62,63,65
63,65,67
65,67,69
67,69,70
69,70,69
70,69,67
69,67,65
67,65,67
65,67,69
67,69,70
69,70,69
70,69,67
69,67,65
67,65,67
65,67,69
67,69,70
69,70,65
70,65,63
65,63,62
63,62,62
62,62,60
62,60,58
60,58,60
58,60,62
60,62,65
62,65,67
65,67,69
67,69,70
69,70,69
70,69,67
69,67,65
67,65,67
65,67,69
67,69,70
69,70,69
70,69,67
69,67,65
67,65,67
65,67,69
67,69,70
69,70,65
70,65,63
65,63,62
63,62,62
62,62,60
62,60,58
60,58,60
58,60,62
60,62,63
62,63,65
63,65,70
65,70,69
70,69,67
69,67,67
67,67,65
67,65,70
65,70,69
70,69,67
69,67,65
67,65,67
65,67,69
67,69,70
69,70,65
70,65,63
65,63,62
63,62,62
62,62,60
62,60,58
60,58,60
58,60,62
60,62,63
62,63,65
63,65,67
65,67,69
67,69,70
69,70,69
70,69,67
69,67,65
67,65,67
65,67,69
67,69,70
69,70,69
70,69,67
69,67,65
67,65,67
65,67,69
67,69,70
69,70,65
70,65,63
65,63,62
63,62,62
62,62,60
62,60,58
60,58,60
58,60,62
60,62,63
62,63,65
63,65,67
65,67,69
67,69,70
69,70,69
70,69,67
69,67,65
67,65,67
65,67,69
67,69,70
69,70,69
70,69,67
69,67,65
67,65,67
65,67,69
67,69,70
69,70,65
70,65,63
65,63,62
63,62,62
62,62,60
62,60,58
60,58,60
58,60,62
60,62,63
62,63,65
63,65,70
65,70,69
70,69,67
69,67,67
67,67,65
67,65,70
65,70,69
70,69,67
69,67,65
67,65,67
65,67,69
67,69,70
69,70,65
70,65,63
65,63,62
63,62,69
62,69,69
69,69,69
69,69,72
69,72,72
72,72,70
72,70,69
70,69,69
69,69,67
69,67,69
67,69,72
69,72,69
72,69,67
69,67,65
67,65,69
65,69,69
69,69,69
69,69,72
69,72,72
72,72,70
72,70,69
70,69,69
69,69,67
69,67,69
67,69,72
69,72,69
72,69,67
69,67,65
67,65,72
65,72,74
72,74,72
74,72,70
72,70,69
70,69,70
69,70,72
70,72,70
72,70,69
70,69,67
69,67,69
67,69,70
69,70,69
70,69,67
69,67,65
67,65,67
65,67,60
67,60,60
60,60,65
60,65,67
65,67,69
67,69,70
69,70,69
70,69,67
69,67,67
67,67,72
67,72,74
72,74,72
74,72,70
72,70,69
70,69,70
69,70,72
70,72,70
72,70,69
70,69,67
69,67,69
67,69,70
69,70,69
70,69,67
69,67,65
67,65,67
65,67,60
67,60,60
60,60,65
60,65,67
65,67,69
67,69,70
69,70,69
70,69,67
69,67,65
67,65,65
65,65,69
65,69,69
69,69,69
69,69,72
69,72,72
72,72,70
72,70,69
70,69,69
69,69,67
69,67,69
67,69,72
69,72,69
72,69,67
69,67,65
67,65,69
65,69,69
69,69,69
69,69,72
69,72,72
72,72,70
72,70,69
70,69,69
69,69,67
69,67,69
67,69,72
69,72,69
72,69,67
69,67,67
67,67,65
67,65,72
65,72,74
72,74,72
74,72,70
72,70,69
70,69,70
69,70,72
70,72,70
72,70,69
70,69,67
69,67,69
67,69,70
69,70,69
70,69,67
69,67,65
67,65,67
65,67,60
67,60,60
60,60,65
60,65,67
65,67,69
67,69,70
69,70,69
70,69,67
69,67,67
67,67,72
67,72,74
72,74,72
74,72,70
72,70,69
70,69,70
69,70,72
70,72,70
72,70,69
70,69,67
69,67,69
67,69,70
69,70,69
70,69,67
69,67,65
67,65,67
65,67,60
67,60,60
60,60,65
60,65,67
65,67,69
67,69,70
69,70,69
70,69,67
69,67,65
67,65,65
65,65,69
65,69,69
69,69,69
69,69,72
69,72,72
72,72,70
72,70,69
70,69,69
69,69,67
69,67,69
67,69,72
69,72,69
72,69,67
69,67,65
67,65,69
65,69,69
69,69,69
69,69,72
69,72,72
72,72,70
72,70,69
70,69,69
69,69,67
69,67,69
67,69,72
69,72,69
72,69,67
69,67,65
67,65,72
65,72,74
72,74,72
74,72,70
72,70,69
70,69,70
69,70,72
70,72,70
72,70,69
70,69,67
69,67,69
67,69,70
69,70,69
70,69,67
69,67,65
67,65,67
65,67,60
67,60,60
60,60,65
60,65,67
65,67,69
67,69,70
69,70,69
70,69,67
69,67,67
67,67,72
67,72,74
72,74,72
74,72,70
72,70,69
70,69,70
69,70,72
70,72,70
72,70,69
70,69,67
69,67,69
67,69,70
69,70,69
70,69,67
69,67,65
67,65,67
65,67,60
67,60,60
60,60,65
60,65,67
65,67,69
67,69,70
69,70,69
70,69,67
69,67,65
67,65,65
65,65,59
65,59,59
59,59,59
59,59,59
59,59,59
59,59,63
59,63,66
63,66,66
66,66,63
66,63,59
63,59,66
59,66,66
66,66,63
66,63,66
63,66,66
66,66,63
66,63,59
63,59,59
59,59,59
59,59,66
59,66,66
66,66,63
66,63,59
63,59,66
59,66,66
66,66,66
66,66,66
66,66,66
66,66,63
66,63,59
63,59,66
59,66,66
66,66,66
66,66,66
66,66,66
66,66,63
66,63,59
63,59,66
59,66,66
66,66,66
66,66,68
66,68,66
68,66,71
66,71,66
71,66,71
66,71,66
71,66,63
66,63,61
63,61,59
61,59,59
59,59,59
59,59,59
59,59,59
59,59,59
59,59,63
59,63,66
63,66,66
66,66,63
66,63,59
63,59,66
59,66,66
66,66,63
66,63,66
63,66,66
66,66,63
66,63,59
63,59,59
59,59,59
59,59,66
59,66,66
66,66,63
66,63,59
63,59,66
59,66,66
66,66,66
66,66,66
66,66,66
66,66,63
66,63,59
63,59,66
59,66,66
66,66,66
66,66,66
66,66,66
66,66,63
66,63,59
63,59,66
59,66,66
66,66,66
66,66,68
66,68,66
68,66,71
66,71,66
71,66,71
66,71,66
71,66,63
66,63,61
63,61,59
61,59,55
59,55,64
55,64,64
64,64,64
64,64,65
64,65,64
65,64,62
64,62,62
62,62,62
62,62,62
62,62,55
62,55,62
55,62,62
62,62,64
62,64,62
64,62,60
62,60,60
60,60,55
60,55,55
55,55,64
55,64,64
64,64,64
64,64,64
64,64,64
64,64,65
64,65,64
65,64,62
64,62,62
62,62,55
62,55,62
55,62,62
62,62,64
62,64,62
64,62,60
62,60,60
60,60,60
60,60,60
60,60,55
60,55,64
55,64,64
64,64,64
64,64,65
64,65,64
65,64,62
64,62,62
62,62,62
62,62,62
62,62,55
62,55,62
55,62,62
62,62,64
62,64,62
64,62,60
62,60,60
60,60,55
60,55,55
55,55,64
55,64,64
64,64,64
64,64,64
64,64,64
64,64,65
64,65,64
65,64,62
64,62,62
62,62,55
62,55,62
55,62,62
62,62,64
62,64,62
64,62,60
62,60,60
60,60,60
60,60,60
60,60,55
60,55,64
55,64,64
64,64,64
64,64,65
64,65,64
65,64,62
64,62,62
62,62,62
62,62,62
62,62,55
62,55,62
55,62,62
62,62,64
62,64,62
64,62,60
62,60,60
60,60,55
60,55,55
55,55,64
55,64,64
64,64,64
64,64,64
64,64,64
64,64,65
64,65,64
65,64,62
64,62,62
62,62,55
62,55,62
55,62,62
62,62,64
62,64,62
64,62,60
62,60,60
60,60,60
60,60,60
60,60,55
60,55,64
55,64,64
64,64,64
64,64,65
64,65,64
65,64,62
64,62,62
62,62,62
62,62,62
62,62,55
62,55,62
55,62,62
62,62,64
62,64,62
64,62,60
62,60,60
60,60,55
60,55,55
55,55,64
55,64,64
64,64,64
64,64,64
64,64,64
64,64,65
64,65,64
65,64,62
64,62,62
62,62,55
62,55,62
55,62,62
62,62,64
62,64,62
64,62,60
62,60,60
60,60,60
60,60,60
60,60,58
60,58,58
58,58,58
58,58,61
58,61,61
61,61,63
61,63,63
63,63,59
63,59,63
59,63,66
63,66,61
66,61,61
61,61,58
61,58,56
58,56,54
56,54,58
54,58,59
58,59,61
59,61,59
61,59,56
59,56,54
56,54,58
54,58,58
58,58,58
58,58,61
58,61,61
61,61,63
61,63,63
63,63,59
63,59,63
59,63,66
63,66,61
66,61,61
61,61,60
61,60,58
60,58,65
58,65,61
65,61,63
61,63,65
63,65,66
65,66,65
66,65,58
65,58,61
58,61,61
61,61,63
61,63,56
63,56,61
56,61,63
61,63,61
63,61,66
61,66,58
66,58,63
58,63,61
63,61,61
61,61,61
61,61,63
61,63,56
63,56,61
56,61,63
61,63,61
63,61,66
61,66,58
66,58,61
58,61,66
61,66,65
66,65,63
65,63,65
63,65,65
65,65,68
65,68,63
68,63,63
63,63,63
63,63,66
63,66,66
66,66,66
66,66,70
66,70,68
70,68,61
68,61,66
61,66,65
66,65,63
65,63,61
63,61,61
61,61,63
61,63,61
63,61,61
61,61,66
61,66,68
66,68,61
68,61,70
61,70,68
70,68,66
68,66,65
66,65,66
65,66,68
66,68,66
68,66,60
66,60,60
60,60,67
60,67,67
67,67,69
67,69,69
69,69,67
69,67,65
67,65,65
65,65,64
65,64,64
64,64,62
64,62,62
62,62,60
62,60,67
60,67,67
67,67,65
67,65,65
65,65,64
65,64,64
64,64,62
64,62,67
62,67,67
67,67,65
67,65,65
65,65,64
65,64,64
64,64,62
64,62,60
62,60,60
60,60,67
60,67,67
67,67,69
67,69,69
69,69,67
69,67,65
67,65,65
65,65,64
65,64,64
64,64,62
64,62,62
62,62,60
62,60,60
60,60,60
60,60,67
60,67,67
67,67,69
67,69,69
69,69,67
69,67,65
67,65,65
65,65,64
65,64,64
64,64,62
64,62,62
62,62,60
62,60,67
60,67,67
67,67,65
67,65,65
65,65,64
65,64,64
64,64,62
64,62,67
62,67,67
67,67,65
67,65,65
65,65,64
65,64,64
64,64,62
64,62,60
62,60,60
60,60,67
60,67,67
67,67,69
67,69,69
69,69,67
69,67,65
67,65,65
65,65,64
65,64,64
64,64,62
64,62,62
62,62,60
62,60,66
60,66,68
66,68,66
68,66,63
66,63,71
63,71,68
71,68,66
68,66,66
66,66,68
66,68,66
68,66,68
66,68,66
68,66,71
66,71,70
71,70,64
70,64,66
64,66,64
66,64,61
64,61,70
61,70,68
70,68,66
68,66,66
66,66,68
66,68,66
68,66,68
66,68,66
68,66,68
66,68,63
68,63,66
63,66,68
66,68,66
68,66,63
66,63,71
63,71,68
71,68,66
68,66,66
66,66,68
66,68,66
68,66,68
66,68,66
68,66,71
66,71,70
71,70,64
70,64,66
64,66,64
66,64,61
64,61,70
61,70,68
70,68,66
68,66,66
66,66,68
66,68,66
68,66,68
66,68,66
68,66,73
66,73,71
73,71,68
71,68,68
68,68,71
68,71,68
71,68,66
68,66,63
66,63,66
63,66,64
66,64,68
64,68,66
68,66,64
66,64,63
64,63,61
63,61,63
61,63,66
63,66,68
66,68,70
68,70,70
70,70,70
70,70,71
70,71,71
71,71,70
71,70,68
70,68,66
68,66,64
66,64,61
64,61,66
61,66,68
66,68,66
68,66,63
66,63,71
63,71,68
71,68,66
68,66,66
66,66,68
66,68,66
68,66,68
66,68,66
68,66,71
66,71,70
71,70,64
70,64,66
64,66,64
66,64,61
64,61,70
61,70,68
70,68,66
68,66,66
66,66,68
66,68,66
68,66,68
66,68,66
68,66,73
66,73,71
73,71,66
71,66,68
66,68,66
68,66,63
66,63,71
63,71,68
71,68,66
68,66,66
66,66,68
66,68,66
68,66,68
66,68,66
68,66,71
66,71,70
71,70,64
70,64,66
64,66,64
66,64,61
64,61,70
61,70,68
70,68,66
68,66,66
66,66,68
66,68,66
68,66,68
66,68,66
68,66,68
66,68,63
68,63,66
63,66,68
66,68,66
68,66,63
66,63,71
63,71,68
71,68,66
68,66,66
66,66,68
66,68,66
68,66,68
66,68,66
68,66,71
66,71,70
71,70,64
70,64,66
64,66,64
66,64,61
64,61,70
61,70,68
70,68,66
68,66,66
66,66,68
66,68,66
68,66,68
66,68,66
68,66,73
66,73,71
73,71,68
71,68,68
68,68,71
68,71,68
71,68,66
68,66,63
66,63,66
63,66,64
66,64,68
64,68,66
68,66,64
66,64,63
64,63,61
63,61,63
61,63,66
63,66,68
66,68,70
68,70,70
70,70,70
70,70,71
70,71,71
71,71,70
71,70,68
70,68,66
68,66,64
66,64,61
64,61,66
61,66,68
66,68,66
68,66,63
66,63,71
63,71,68
71,68,66
68,66,66
66,66,68
66,68,66
68,66,68
66,68,66
68,66,71
66,71,70
71,70,64
70,64,66
64,66,64
66,64,61
64,61,70
61,70,68
70,68,66
68,66,66
66,66,68
66,68,66
68,66,68
66,68,66
68,66,73
66,73,71
73,71,66
71,66,68
66,68,66
68,66,68
66,68,66
68,66,73
66,73,71
73,71,59
71,59,71
59,71,70
71,70,66
70,66,68
66,68,70
68,70,71
70,71,59
71,59,68
59,68,66
68,66,56
66,56,64
56,64,63
64,63,59
63,59,61
59,61,63
61,63,64
63,64,61
64,61,58
61,58,59
58,59,61
59,61,63
61,63,59
63,59,59
59,59,71
59,71,70
71,70,66
70,66,68
66,68,70
68,70,71
70,71,59
71,59,68
59,68,66
68,66,56
66,56,64
56,64,63
64,63,59
63,59,61
59,61,63
61,63,64
63,64,61
64,61,58
61,58,59
58,59,61
59,61,63
61,63,59
63,59,66
59,66,63
66,63,66
63,66,63
66,63,66
63,66,63
66,63,66
63,66,63
66,63,66
63,66,64
66,64,66
64,66,64
66,64,66
64,66,64
66,64,66
64,66,64
66,64,66
64,66,68
66,68,68
68,68,66
68,66,63
66,63,66
63,66,63
66,63,66
63,66,63
66,63,66
63,66,63
66,63,66
63,66,65
66,65,68
65,68,65
68,65,68
65,68,65
68,65,68
65,68,65
68,65,68
65,68,70
68,70,70
70,70,73
70,73,68
73,68,59
68,59,71
59,71,70
71,70,66
70,66,68
66,68,70
68,70,71
70,71,59
71,59,68
59,68,66
68,66,56
66,56,64
56,64,63
64,63,59
63,59,61
59,61,63
61,63,64
63,64,61
64,61,58
61,58,59
58,59,61
59,61,63
61,63,59
63,59,60
59,60,65
60,65,65
65,65,65
65,65,69
65,69,67
69,67,65
67,65,67
65,67,69
67,69,65
69,65,65
65,65,69
65,69,72
69,72,74
72,74,74
74,74,72
74,72,69
72,69,69
69,69,65
69,65,67
65,67,65
67,65,67
65,67,69
67,69,65
69,65,62
65,62,62
62,62,60
62,60,65
60,65,74
65,74,72
74,72,69
72,69,69
69,69,65
69,65,67
65,67,65
67,65,67
65,67,74
67,74,72
74,72,69
72,69,69
69,69,72
69,72,74
72,74,74
74,74,72
74,72,69
72,69,69
69,69,65
69,65,67
65,67,65
67,65,67
65,67,69
67,69,65
69,65,62
65,62,62
62,62,60
62,60,65
60,65,60
65,60,65
60,65,65
65,65,65
65,65,69
65,69,67
69,67,65
67,65,67
65,67,69
67,69,65
69,65,65
65,65,69
65,69,72
69,72,74
72,74,74
74,74,72
74,72,72
72,72,69
72,69,69
69,69,65
69,65,67
65,67,65
67,65,67
65,67,69
67,69,65
69,65,62
65,62,62
62,62,60
62,60,65
60,65,74
65,74,72
74,72,69
72,69,69
69,69,65
69,65,67
65,67,65
67,65,67
65,67,74
67,74,72
74,72,69
72,69,69
69,69,72
69,72,74
72,74,74
74,74,72
74,72,69
72,69,69
69,69,65
69,65,67
65,67,65
67,65,67
65,67,69
67,69,65
69,65,62
65,62,62
62,62,60
62,60,65
60,65,61
65,61,61
61,61,61
61,61,61
61,61,61
61,61,65
61,65,68
65,68,68
68,68,65
68,65,61
65,61,68
61,68,68
68,68,65
68,65,68
65,68,68
68,68,65
68,65,61
65,61,61
61,61,61
61,61,68
61,68,68
68,68,65
68,65,61
65,61,68
61,68,68
68,68,68
68,68,68
68,68,68
68,68,65
68,65,61
65,61,68
61,68,68
68,68,68
68,68,68
68,68,68
68,68,65
68,65,61
65,61,68
61,68,68
68,68,68
68,68,70
68,70,68
70,68,73
68,73,68
73,68,73
68,73,68
73,68,65
68,65,63
65,63,61
63,61,61
61,61,61
61,61,61
61,61,61
61,61,61
61,61,65
61,65,68
65,68,68
68,68,65
68,65,61
65,61,68
61,68,68
68,68,65
68,65,68
65,68,68
68,68,65
68,65,61
65,61,61
61,61,61
61,61,68
61,68,68
68,68,65
68,65,61
65,61,68
61,68,68
68,68,68
68,68,68
68,68,68
68,68,65
68,65,61
65,61,68
61,68,68
68,68,68
68,68,68
68,68,68
68,68,65
68,65,61
65,61,68
61,68,68
68,68,68
68,68,70
68,70,68
70,68,73
68,73,68
73,68,73
68,73,68
73,68,65
68,65,63
65,63,61
63,61,58
61,58,67
58,67,67
67,67,67
67,67,68
67,68,67
68,67,65
67,65,65
65,65,65
65,65,65
65,65,58
65,58,65
58,65,65
65,65,67
65,67,65
67,65,63
65,63,63
63,63,58
63,58,58
58,58,67
58,67,67
67,67,67
67,67,67
67,67,67
67,67,68
67,68,67
68,67,65
67,65,65
65,65,58
65,58,65
58,65,65
65,65,67
65,67,65
67,65,63
65,63,63
63,63,63
63,63,63
63,63,58
63,58,67
58,67,67
67,67,67
67,67,68
67,68,67
68,67,65
67,65,65
65,65,65
65,65,65
65,65,58
65,58,65
58,65,65
65,65,67
65,67,65
67,65,63
65,63,63
63,63,58
63,58,58
58,58,67
58,67,67
67,67,67
67,67,67
67,67,67
67,67,68
67,68,67
68,67,65
67,65,65
65,65,58
65,58,65
58,65,65
65,65,67
65,67,65
67,65,63
65,63,63
63,63,63
63,63,63
63,63,58
63,58,67
58,67,67
67,67,67
67,67,68
67,68,67
68,67,65
67,65,65
65,65,65
65,65,65
65,65,58
65,58,65
58,65,65
65,65,67
65,67,65
67,65,63
65,63,63
63,63,58
63,58,58
58,58,67
58,67,67
67,67,67
67,67,67
67,67,67
67,67,68
67,68,67
68,67,65
67,65,65
65,65,58
65,58,65
58,65,65
65,65,67
65,67,65
67,65,63
65,63,63
63,63,63
63,63,63
63,63,58
63,58,67
58,67,67
67,67,67
67,67,68
67,68,67
68,67,65
67,65,65
65,65,65
65,65,65
65,65,58
65,58,65
58,65,65
65,65,67
65,67,65
67,65,63
65,63,63
63,63,58
63,58,58
58,58,67
58,67,67
67,67,67
67,67,67
67,67,67
67,67,68
67,68,67
68,67,65
67,65,65
65,65,58
65,58,65
58,65,65
65,65,67
65,67,65
67,65,63
65,63,63
63,63,63
63,63,63
63,63,61
63,61,61
61,61,61
61,61,64
61,64,64
64,64,66
64,66,66
66,66,62
66,62,66
62,66,69
66,69,64
69,64,64
64,64,61
64,61,59
61,59,57
59,57,61
57,61,62
61,62,64
62,64,62
64,62,59
62,59,57
59,57,61
57,61,61
61,61,61
61,61,64
61,64,64
64,64,66
64,66,66
66,66,62
66,62,66
62,66,69
66,69,64
69,64,64
64,64,63
64,63,61
63,61,68
61,68,64
68,64,66
64,66,68
66,68,69
68,69,68
69,68,61
68,61,64
61,64,64
64,64,66
64,66,59
66,59,64
59,64,66
64,66,64
66,64,69
64,69,61
69,61,66
61,66,64
66,64,64
64,64,64
64,64,66
64,66,59
66,59,64
59,64,66
64,66,64
66,64,69
64,69,61
69,61,64
61,64,69
64,69,68
69,68,66
68,66,68
66,68,68
68,68,71
68,71,66
71,66,66
66,66,66
66,66,69
66,69,69
69,69,69
69,69,73
69,73,71
73,71,64
71,64,69
64,69,68
69,68,66
68,66,64
66,64,64
64,64,66
64,66,64
66,64,64
64,64,69
64,69,71
69,71,64
71,64,73
64,73,71
73,71,69
71,69,68
69,68,69
68,69,71
69,71,69
71,69,63
69,63,63
63,63,70
63,70,70
70,70,72
70,72,72
72,72,70
72,70,68
70,68,68
68,68,67
68,67,67
67,67,65
67,65,65
65,65,63
65,63,70
63,70,70
70,70,68
70,68,68
68,68,67
68,67,67
67,67,65
67,65,70
65,70,70
70,70,68
70,68,68
68,68,67
68,67,67
67,67,65
67,65,63
65,63,63
63,63,70
63,70,70
70,70,72
70,72,72
72,72,70
72,70,68
70,68,68
68,68,67
68,67,67
67,67,65
67,65,65
65,65,63
65,63,63
63,63,63
63,63,70
63,70,70
70,70,72
70,72,72
72,72,70
72,70,68
70,68,68
68,68,67
68,67,67
67,67,65
67,65,65
65,65,63
65,63,70
63,70,70
70,70,68
70,68,68
68,68,67
68,67,67
67,67,65
67,65,70
65,70,70
70,70,68
70,68,68
68,68,67
68,67,67
67,67,65
67,65,63
65,63,63
63,63,70
63,70,70
70,70,72
70,72,72
72,72,70
72,70,68
70,68,68
68,68,67
68,67,67
67,67,65
67,65,65
65,65,63
65,63,63
63,63,65
63,65,63
65,63,60
63,60,68
60,68,65
68,65,63
65,63,63
63,63,65
63,65,63
65,63,65
63,65,63
65,63,68
63,68,67
68,67,61
67,61,63
61,63,61
63,61,58
61,58,67
58,67,65
67,65,63
65,63,63
63,63,65
63,65,63
65,63,65
63,65,63
65,63,65
63,65,60
65,60,63
60,63,65
63,65,63
65,63,60
63,60,68
60,68,65
68,65,63
65,63,63
63,63,65
63,65,63
65,63,65
63,65,63
65,63,68
63,68,67
68,67,61
67,61,63
61,63,61
63,61,58
61,58,67
58,67,65
67,65,63
65,63,63
63,63,65
63,65,63
65,63,65
63,65,63
65,63,70
63,70,68
70,68,65
68,65,65
65,65,68
65,68,65
68,65,63
65,63,60
63,60,63
60,63,61
63,61,65
61,65,63
65,63,61
63,61,60
61,60,58
60,58,60
58,60,63
60,63,65
63,65,67
65,67,67
67,67,67
67,67,68
67,68,68
68,68,67
68,67,65
67,65,63
65,63,61
63,61,58
61,58,63
58,63,65
63,65,63
65,63,60
63,60,68
60,68,65
68,65,63
65,63,63
63,63,65
63,65,63
65,63,65
63,65,63
65,63,68
63,68,67
68,67,61
67,61,63
61,63,61
63,61,58
61,58,67
58,67,65
67,65,63
65,63,63
63,63,65
63,65,63
65,63,65
63,65,63
65,63,70
63,70,68
70,68,63
68,63,65
63,65,63
65,63,60
63,60,68
60,68,65
68,65,63
65,63,63
63,63,65
63,65,63
65,63,65
63,65,63
65,63,68
63,68,67
68,67,61
67,61,63
61,63,61
63,61,58
61,58,67
58,67,65
67,65,63
65,63,63
63,63,65
63,65,63
65,63,65
63,65,63
65,63,65
63,65,60
65,60,63
60,63,65
63,65,63
65,63,60
63,60,68
60,68,65
68,65,63
65,63,63
63,63,65
63,65,63
65,63,65
63,65,63
65,63,68
63,68,67
68,67,61
67,61,63
61,63,61
63,61,58
61,58,67
58,67,65
67,65,63
65,63,63
63,63,65
63,65,63
65,63,65
63,65,63
65,63,70
63,70,68
70,68,65
68,65,65
65,65,68
65,68,65
68,65,63
65,63,60
63,60,63
60,63,61
63,61,65
61,65,63
65,63,61
63,61,60
61,60,58
60,58,60
58,60,63
60,63,65
63,65,67
65,67,67
67,67,67
67,67,68
67,68,68
68,68,67
68,67,65
67,65,63
65,63,61
63,61,58
61,58,63
58,63,65
63,65,63
65,63,60
63,60,68
60,68,65
68,65,63
65,63,63
63,63,65
63,65,63
65,63,65
63,65,63
65,63,68
63,68,67
68,67,61
67,61,63
61,63,61
63,61,58
61,58,67
58,67,65
67,65,63
65,63,63
63,63,65
63,65,63
65,63,65
63,65,63
65,63,70
63,70,68
70,68,63
68,63,65
63,65,63
65,63,65
63,65,63
65,63,70
63,70,68
70,68,57
68,57,69
57,69,68
69,68,64
68,64,66
64,66,68
66,68,69
68,69,57
69,57,66
57,66,64
66,64,54
64,54,62
54,62,61
62,61,57
61,57,59
57,59,61
59,61,62
61,62,59
62,59,56
59,56,57
56,57,59
57,59,61
59,61,57
61,57,57
57,57,69
57,69,68
69,68,64
68,64,66
64,66,68
66,68,69
68,69,57
69,57,66
57,66,64
66,64,54
64,54,62
54,62,61
62,61,57
61,57,59
57,59,61
59,61,62
61,62,59
62,59,56
59,56,57
56,57,59
57,59,61
59,61,57
61,57,64
57,64,61
64,61,64
61,64,61
64,61,64
61,64,61
64,61,64
61,64,61
64,61,64
61,64,62
64,62,64
62,64,62
64,62,64
62,64,62
64,62,64
62,64,62
64,62,64
62,64,66
64,66,66
66,66,64
66,64,61
64,61,64
61,64,61
64,61,64
61,64,61
64,61,64
61,64,61
64,61,64
61,64,63
64,63,66
63,66,63
66,63,66
63,66,63
66,63,66
63,66,63
66,63,66
63,66,68
66,68,68
68,68,71
68,71,66
71,66,57
66,57,69
57,69,68
69,68,64
68,64,66
64,66,68
66,68,69
68,69,57
69,57,66
57,66,64
66,64,54
64,54,62
54,62,61
62,61,57
61,57,59
57,59,61
59,61,62
61,62,59
62,59,56
59,56,57
56,57,59
57,59,61
59,61,57
61,57,55
57,55,60
55,60,60
60,60,60
60,60,64
60,64,62
64,62,60
62,60,62
60,62,64
62,64,60
64,60,60
60,60,64
60,64,67
64,67,69
67,69,69
69,69,67
69,67,64
67,64,64
64,64,60
64,60,62
60,62,60
62,60,62
60,62,64
62,64,60
64,60,57
60,57,57
57,57,55
57,55,60
55,60,69
60,69,67
69,67,64
67,64,64
64,64,60
64,60,62
60,62,60
62,60,62
60,62,69
62,69,67
69,67,64
67,64,64
64,64,67
64,67,69
67,69,69
69,69,67
69,67,64
67,64,64
64,64,60
64,60,62
60,62,60
62,60,62
60,62,64
62,64,60
64,60,57
60,57,57
57,57,55
57,55,60
55,60,55
60,55,60
55,60,60
60,60,60
60,60,64
60,64,62
64,62,60
62,60,62
60,62,64
62,64,60
64,60,60
60,60,64
60,64,67
64,67,69
67,69,69
69,69,67
69,67,67
67,67,64
67,64,64
64,64,60
64,60,62
60,62,60
62,60,62
60,62,64
62,64,60
64,60,57
60,57,57
57,57,55
57,55,60
55,60,69
60,69,67
69,67,64
67,64,64
64,64,60
64,60,62
60,62,60
62,60,62
60,62,69
62,69,67
69,67,64
67,64,64
64,64,67
64,67,69
67,69,69
69,69,67
69,67,64
67,64,64
64,64,60
64,60,62
60,62,60
62,60,62
60,62,64
62,64,60
64,60,57
60,57,57
57,57,55
57,55,60
55,60,59
60,59,64
59,64,63
64,63,64
63,64,66
64,66,64
66,64,66
64,66,68
66,68,69
68,69,68
69,68,61
68,61,66
61,66,66
66,66,64
66,64,64
64,64,64
64,64,63
64,63,61
63,61,63
61,63,64
63,64,59
64,59,59
59,59,64
59,64,63
64,63,64
63,64,66
64,66,64
66,64,66
64,66,68
66,68,69
68,69,68
69,68,61
68,61,66
61,66,66
66,66,64
66,64,64
64,64,64
64,64,63
64,63,61
63,61,63
61,63,64
63,64,64
64,64,68
64,68,71
68,71,68
71,68,66
68,66,64
66,64,63
64,63,64
63,64,66
64,66,64
66,64,63
64,63,61
63,61,59
61,59,64
59,64,68
64,68,71
68,71,68
71,68,66
68,66,64
66,64,63
64,63,64
63,64,66
64,66,59
66,59,59
59,59,64
59,64,66
64,66,68
66,68,68
68,68,68
68,68,69
68,69,68
69,68,61
68,61,66
61,66,66
66,66,64
66,64,63
64,63,64
63,64,59
64,59,59
59,59,64
59,64,59
64,59,59
59,59,61
59,61,59
61,59,59
59,59,56
59,56,59
56,59,56
59,56,59
56,59,59
59,59,64
59,64,59
64,59,59
59,59,61
59,61,59
61,59,59
59,59,56
59,56,59
56,59,56
59,56,59
56,59,59
59,59,64
59,64,66
64,66,68
66,68,68
68,68,68
68,68,69
68,69,68
69,68,61
68,61,66
61,66,66
66,66,64
66,64,63
64,63,64
63,64,61
64,61,61
61,61,61
61,61,61
61,61,63
61,63,65
63,65,65
65,65,65
65,65,63
65,63,61
63,61,63
61,63,65
63,65,61
65,61,61
61,61,61
61,61,61
61,61,61
61,61,63
61,63,65
63,65,65
65,65,65
65,65,63
65,63,61
63,61,63
61,63,65
63,65,61
65,61,65
61,65,65
65,65,66
65,66,68
66,68,68
68,68,66
68,66,65
66,65,66
65,66,68
66,68,65
68,65,61
65,61,61
61,61,63
61,63,65
63,65,65
65,65,63
65,63,61
63,61,63
61,63,65
63,65,61
65,61,61
61,61,61
61,61,61
61,61,61
61,61,63
61,63,65
63,65,65
65,65,65
65,65,63
65,63,61
63,61,63
61,63,65
63,65,61
65,61,61
61,61,61
61,61,61
61,61,61
61,61,63
61,63,65
63,65,65
65,65,65
65,65,63
65,63,61
63,61,63
61,63,65
63,65,61
65,61,59
61,59,59
59,59,61
59,61,61
61,61,63
61,63,66
63,66,63
66,63,59
63,59,59
59,59,59
59,59,61
59,61,64
61,64,63
64,63,59
63,59,59
59,59,59
59,59,61
59,61,61
61,61,63
61,63,66
63,66,63
66,63,59
63,59,68
59,68,61
68,61,64
61,64,63
64,63,59
63,59,66
59,66,71
66,71,71
71,71,68
71,68,68
68,68,70
68,70,70
70,70,66
70,66,66
66,66,71
66,71,70
71,70,68
70,68,71
68,71,70
71,70,66
70,66,64
66,64,64
64,64,64
64,64,66
64,66,68
66,68,70
68,70,71
70,71,68
71,68,61
68,61,64
61,64,63
64,63,59
63,59,59
59,59,59
59,59,61
59,61,61
61,61,63
61,63,66
63,66,63
66,63,59
63,59,59
59,59,59
59,59,59
59,59,61
59,61,64
61,64,63
64,63,59
63,59,59
59,59,59
59,59,59
59,59,61
59,61,61
61,61,63
61,63,66
63,66,63
66,63,59
63,59,68
59,68,61
68,61,64
61,64,63
64,63,59
63,59,66
59,66,71
66,71,71
71,71,68
71,68,68
68,68,70
68,70,70
70,70,66
70,66,66
66,66,71
66,71,70
71,70,68
70,68,71
68,71,70
71,70,66
70,66,64
66,64,64
64,64,64
64,64,66
64,66,68
66,68,70
68,70,71
70,71,68
71,68,61
68,61,64
61,64,63
64,63,59
63,59,65
59,65,65
65,65,65
65,65,65
65,65,65
65,65,65
65,65,69
65,69,72
69,72,72
72,72,69
72,69,69
69,69,65
69,65,67
65,67,67
67,67,67
67,67,67
67,67,67
67,67,67
67,67,64
67,64,67
64,67,67
67,67,64
67,64,64
64,64,60
64,60,65
60,65,65
65,65,65
65,65,65
65,65,65
65,65,65
65,65,65
65,65,69
65,69,72
69,72,72
72,72,69
72,69,69
69,69,65
69,65,72
65,72,70
72,70,70
70,70,69
70,69,69
69,69,67
69,67,65
67,65,65
65,65,65
65,65,65
65,65,65
65,65,65
65,65,65
65,65,69
65,69,72
69,72,72
72,72,69
72,69,69
69,69,65
69,65,67
65,67,67
67,67,67
67,67,67
67,67,67
67,67,67
67,67,64
67,64,67
64,67,67
67,67,64
67,64,64
64,64,60
64,60,65
60,65,65
65,65,65
65,65,65
65,65,65
65,65,65
65,65,65
65,65,69
65,69,72
69,72,72
72,72,69
72,69,69
69,69,65
69,65,72
65,72,70
72,70,70
70,70,69
70,69,69
69,69,67
69,67,65
67,65,63
65,63,68
63,68,67
68,67,68
67,68,70
68,70,68
70,68,70
68,70,72
70,72,73
72,73,72
73,72,65
72,65,70
65,70,70
70,70,68
70,68,68
68,68,68
68,68,67
68,67,65
67,65,67
65,67,68
67,68,63
68,63,63
63,63,68
63,68,67
68,67,68
67,68,70
68,70,68
70,68,70
68,70,72
70,72,73
72,73,72
73,72,65
72,65,70
65,70,70
70,70,68
70,68,68
68,68,68
68,68,67
68,67,65
67,65,67
65,67,68
67,68,68
68,68,72
68,72,75
72,75,72
75,72,70
72,70,68
70,68,67
68,67,68
67,68,70
68,70,68
70,68,67
68,67,65
67,65,63
65,63,68
63,68,72
68,72,75
72,75,72
75,72,70
72,70,68
70,68,67
68,67,68
67,68,70
68,70,63
70,63,63
63,63,68
63,68,70
68,70,72
70,72,72
72,72,72
72,72,73
72,73,72
73,72,65
72,65,70
65,70,70
70,70,68
70,68,67
68,67,68
67,68,63
68,63,63
63,63,68
63,68,63
68,63,63
63,63,65
63,65,63
65,63,63
63,63,60
63,60,63
60,63,60
63,60,63
60,63,63
63,63,68
63,68,63
68,63,63
63,63,65
63,65,63
65,63,63
63,63,60
63,60,63
60,63,60
63,60,63
60,63,63
63,63,68
63,68,70
68,70,72
70,72,72
72,72,72
72,72,73
72,73,72
73,72,65
72,65,70
65,70,70
70,70,68
70,68,67
68,67,68
67,68,65
68,65,65
65,65,65
65,65,65
65,65,67
65,67,69
67,69,69
69,69,69
69,69,67
69,67,65
67,65,67
65,67,69
67,69,65
69,65,65
65,65,65
65,65,65
65,65,65
65,65,67
65,67,69
67,69,69
69,69,69
69,69,67
69,67,65
67,65,67
65,67,69
67,69,65
69,65,69
65,69,69
69,69,70
69,70,72
70,72,72
72,72,70
72,70,69
70,69,70
69,70,72
70,72,69
72,69,65
69,65,65
65,65,67
65,67,69
67,69,69
69,69,67
69,67,65
67,65,67
65,67,69
67,69,65
69,65,65
65,65,65
65,65,65
65,65,65
65,65,67
65,67,69
67,69,69
69,69,69
69,69,67
69,67,65
67,65,67
65,67,69
67,69,65
69,65,65
65,65,65
65,65,65
65,65,65
65,65,67
65,67,69
67,69,69
69,69,69
69,69,67
69,67,65
67,65,67
65,67,69
67,69,65
69,65,56
65,56,56
56,56,58
56,58,58
58,58,60
58,60,63
60,63,60
63,60,56
60,56,56
56,56,56
56,56,58
56,58,61
58,61,60
61,60,56
60,56,56
56,56,56
56,56,58
56,58,58
58,58,60
58,60,63
60,63,60
63,60,56
60,56,65
56,65,58
65,58,61
58,61,60
61,60,56
60,56,63
56,63,68
63,68,68
68,68,65
68,65,65
65,65,67
65,67,67
67,67,63
67,63,63
63,63,68
63,68,67
68,67,65
67,65,68
65,68,67
68,67,63
67,63,61
63,61,61
61,61,61
61,61,63
61,63,65
63,65,67
65,67,68
67,68,65
68,65,58
65,58,61
58,61,60
61,60,56
60,56,56
56,56,56
56,56,58
56,58,58
58,58,60
58,60,63
60,63,60
63,60,56
60,56,56
56,56,56
56,56,56
56,56,58
56,58,61
58,61,60
61,60,56
60,56,56
56,56,56
56,56,56
56,56,58
56,58,58
58,58,60
58,60,63
60,63,60
63,60,56
60,56,65
56,65,58
65,58,61
58,61,60
61,60,56
60,56,63
56,63,68
63,68,68
68,68,65
68,65,65
65,65,67
65,67,67
67,67,63
67,63,63
63,63,68
63,68,67
68,67,65
67,65,68
65,68,67
68,67,63
67,63,61
63,61,61
61,61,61
61,61,63
61,63,65
63,65,67
65,67,68
67,68,65
68,65,58
65,58,61
58,61,60
61,60,56
60,56,60
56,60,60
60,60,60
60,60,60
60,60,60
60,60,60
60,60,64
60,64,67
64,67,67
67,67,64
67,64,64
64,64,60
64,60,62
60,62,62
62,62,62
62,62,62
62,62,62
62,62,62
62,62,59
62,59,62
59,62,62
62,62,59
62,59,59
59,59,55
59,55,60
55,60,60
60,60,60
60,60,60
60,60,60
60,60,60
60,60,60
60,60,64
60,64,67
64,67,67
67,67,64
67,64,64
64,64,60
64,60,67
60,67,65
67,65,65
65,65,64
65,64,64
64,64,62
64,62,60
62,60,60
60,60,60
60,60,60
60,60,60
60,60,60
60,60,60
60,60,64
60,64,67
64,67,67
67,67,64
67,64,64
64,64,60
64,60,62
60,62,62
62,62,62
62,62,62
62,62,62
62,62,62
62,62,59
62,59,62
59,62,62
62,62,59
62,59,59
59,59,55
59,55,60
55,60,60
60,60,60
60,60,60
60,60,60
60,60,60
60,60,60
60,60,64
60,64,67
64,67,67
67,67,64
67,64,64
64,64,60
64,60,67
60,67,65
67,65,65
65,65,64
65,64,64
64,64,62
64,62,60
62,60,57
60,57,66
57,66,64
66,64,62
64,62,57
62,57,57
57,57,57
57,57,57
57,57,66
57,66,64
66,64,62
64,62,59
62,59,59
59,59,67
59,67,66
67,66,64
66,64,61
64,61,69
61,69,69
69,69,67
69,67,64
67,64,66
64,66,57
66,57,66
57,66,64
66,64,62
64,62,57
62,57,57
57,57,66
57,66,64
66,64,62
64,62,59
62,59,59
59,59,59
59,59,67
59,67,66
67,66,64
66,64,69
64,69,69
69,69,69
69,69,69
69,69,71
69,71,69
71,69,67
69,67,64
67,64,62
64,62,66
62,66,66
66,66,66
66,66,66
66,66,66
66,66,66
66,66,66
66,66,69
66,69,62
69,62,64
62,64,66
64,66,67
66,67,67
67,67,67
67,67,67
67,67,67
67,67,66
67,66,66
66,66,66
66,66,66
66,66,66
66,66,64
66,64,64
64,64,66
64,66,64
66,64,69
64,69,66
69,66,66
66,66,66
66,66,66
66,66,66
66,66,66
66,66,66
66,66,69
66,69,62
69,62,64
62,64,66
64,66,67
66,67,67
67,67,67
67,67,67
67,67,67
67,67,66
67,66,66
66,66,66
66,66,66
66,66,69
66,69,69
69,69,67
69,67,64
67,64,62
64,62,57
62,57,66
57,66,64
66,64,62
64,62,57
62,57,57
57,57,66
57,66,64
66,64,62
64,62,59
62,59,59
59,59,67
59,67,66
67,66,64
66,64,61
64,61,69
61,69,69
69,69,67
69,67,64
67,64,66
64,66,57
66,57,66
57,66,64
66,64,62
64,62,57
62,57,57
57,57,57
57,57,66
57,66,64
66,64,62
64,62,59
62,59,59
59,59,59
59,59,67
59,67,66
67,66,64
66,64,69
64,69,69
69,69,69
69,69,69
69,69,71
69,71,69
71,69,67
69,67,64
67,64,62
64,62,66
62,66,66
66,66,66
66,66,66
66,66,66
66,66,66
66,66,66
66,66,69
66,69,62
69,62,64
62,64,66
64,66,67
66,67,67
67,67,67
67,67,67
67,67,67
67,67,66
67,66,66
66,66,66
66,66,66
66,66,66
66,66,64
66,64,64
64,64,66
64,66,64
66,64,69
64,69,66
69,66,66
66,66,66
66,66,66
66,66,66
66,66,66
66,66,66
66,66,69
66,69,62
69,62,64
62,64,66
64,66,67
66,67,67
67,67,67
67,67,67
67,67,67
67,67,66
67,66,66
66,66,66
66,66,66
66,66,69
66,69,69
69,69,67
69,67,64
67,64,62
64,62,55
62,55,58
55,58,67
58,67,65
67,65,63
65,63,55
63,55,58
55,58,63
58,63,62
63,62,56
62,56,58
56,58,68
58,68,67
68,67,65
67,65,65
65,65,63
65,63,60
63,60,58
60,58,55
58,55,58
55,58,67
58,67,65
67,65,63
65,63,55
63,55,58
55,58,63
58,63,62
63,62,60
62,60,58
60,58,63
58,63,67
63,67,68
67,68,67
68,67,63
67,63,65
63,65,60
65,60,62
60,62,63
62,63,55
63,55,58
55,58,67
58,67,65
67,65,63
65,63,55
63,55,58
55,58,63
58,63,62
63,62,56
62,56,58
56,58,68
58,68,67
68,67,65
67,65,65
65,65,63
65,63,60
63,60,58
60,58,55
58,55,58
55,58,67
58,67,65
67,65,63
65,63,55
63,55,58
55,58,63
58,63,62
63,62,58
62,58,63
58,63,68
63,68,67
68,67,63
67,63,65
63,65,60
65,60,62
60,62,63
62,63,55
63,55,58
55,58,67
58,67,65
67,65,63
65,63,55
63,55,58
55,58,63
58,63,62
63,62,56
62,56,58
56,58,68
58,68,67
68,67,65
67,65,65
65,65,63
65,63,60
63,60,58
60,58,55
58,55,58
55,58,67
58,67,65
67,65,63
65,63,55
63,55,58
55,58,63
58,63,62
63,62,58
62,58,63
58,63,68
63,68,67
68,67,63
67,63,65
63,65,60
65,60,62
60,62,63
62,63,64
63,64,64
64,64,64
64,64,60
64,60,60
60,60,60
60,60,64
60,64,64
64,64,67
64,67,62
67,62,62
62,62,62
62,62,58
62,58,58
58,58,58
58,58,62
58,62,62
62,62,65
62,65,64
65,64,64
64,64,64
64,64,60
64,60,60
60,60,60
60,60,64
60,64,64
64,64,67
64,67,62
67,62,64
62,64,65
64,65,64
65,64,62
64,62,60
62,60,60
60,60,64
60,64,60
64,60,64
60,64,64
64,64,64
64,64,67
64,67,62
67,62,59
62,59,62
59,62,62
62,62,62
62,62,65
62,65,64
65,64,60
64,60,64
60,64,64
64,64,64
64,64,67
64,67,62
67,62,64
62,64,65
64,65,64
65,64,62
64,62,60
62,60,60
60,60,64
60,64,64
64,64,64
64,64,60
64,60,60
60,60,64
60,64,64
64,64,67
64,67,62
67,62,62
62,62,62
62,62,59
62,59,59
59,59,62
59,62,62
62,62,65
62,65,64
65,64,64
64,64,64
64,64,60
64,60,60
60,60,64
60,64,64
64,64,67
64,67,62
67,62,64
62,64,65
64,65,64
65,64,62
64,62,60
62,60,60
60,60,64
60,64,60
64,60,64
60,64,64
64,64,64
64,64,67
64,67,62
67,62,59
62,59,62
59,62,62
62,62,62
62,62,65
62,65,64
65,64,60
64,60,64
60,64,64
64,64,64
64,64,67
64,67,62
67,62,64
62,64,65
64,65,64
65,64,62
64,62,60
62,60,60
60,60,64
60,64,64
64,64,64
64,64,60
64,60,60
60,60,64
60,64,64
64,64,64
64,64,67
64,67,62
67,62,62
62,62,62
62,62,59
62,59,59
59,59,62
59,62,62
62,62,62
62,62,65
62,65,64
65,64,64
64,64,64
64,64,60
64,60,60
60,60,64
60,64,64
64,64,64
64,64,67
64,67,62
67,62,64
62,64,65
64,65,64
65,64,62
64,62,60
62,60,60
60,60,64
60,64,60
64,60,64
60,64,64
64,64,64
64,64,67
64,67,62
67,62,59
62,59,62
59,62,62
62,62,62
62,62,65
62,65,64
65,64,60
64,60,64
60,64,64
64,64,64
64,64,67
64,67,62
67,62,64
62,64,65
64,65,64
65,64,62
64,62,60
62,60,60
60,60,67
60,67,69
67,69,67
69,67,64
67,64,67
64,67,60
67,60,60
60,60,60
60,60,60
60,60,67
60,67,69
67,69,67
69,67,64
67,64,67
64,67,62
67,62,62
62,62,62
62,62,67
62,67,65
67,65,64
65,64,62
64,62,60
62,60,64
60,64,67
64,67,72
67,72,74
72,74,71
74,71,72
71,72,69
72,69,71
69,71,71
71,71,67
71,67,69
67,69,71
69,71,72
71,72,67
72,67,67
67,67,72
67,72,61
72,61,61
61,61,68
61,68,68
68,68,70
68,70,70
70,70,68
70,68,66
68,66,66
66,66,65
66,65,65
65,65,63
65,63,63
63,63,63
63,63,63
63,63,61
63,61,68
61,68,68
68,68,66
68,66,65
66,65,65
65,65,63
65,63,68
63,68,68
68,68,68
68,68,66
68,66,65
66,65,65
65,65,63
65,63,61
63,61,61
61,61,68
61,68,68
68,68,70
68,70,70
70,70,68
70,68,66
68,66,66
66,66,65
66,65,65
65,65,63
65,63,63
63,63,61
63,61,61
61,61,61
61,61,68
61,68,68
68,68,70
68,70,70
70,70,68
70,68,66
68,66,66
66,66,65
66,65,65
65,65,63
65,63,63
63,63,63
63,63,63
63,63,61
63,61,68
61,68,68
68,68,66
68,66,65
66,65,65
65,65,63
65,63,68
63,68,68
68,68,68
68,68,66
68,66,65
66,65,65
65,65,63
65,63,61
63,61,61
61,61,68
61,68,68
68,68,70
68,70,70
70,70,68
70,68,66
68,66,66
66,66,65
66,65,65
65,65,63
65,63,63
63,63,61
63,61,62
61,62,71
62,71,69
71,69,67
69,67,62
67,62,62
62,62,62
62,62,62
62,62,71
62,71,69
71,69,67
69,67,64
67,64,64
64,64,72
64,72,71
72,71,69
71,69,66
69,66,74
66,74,74
74,74,72
74,72,69
72,69,71
69,71,62
71,62,71
62,71,69
71,69,67
69,67,62
67,62,62
62,62,71
62,71,69
71,69,67
69,67,64
67,64,64
64,64,64
64,64,72
64,72,71
72,71,69
71,69,74
69,74,74
74,74,74
74,74,74
74,74,76
74,76,74
76,74,72
74,72,69
72,69,67
69,67,71
67,71,71
71,71,71
71,71,71
71,71,71
71,71,71
71,71,71
71,71,74
71,74,67
74,67,69
67,69,71
69,71,72
71,72,72
72,72,72
72,72,72
72,72,72
72,72,71
72,71,71
71,71,71
71,71,71
71,71,71
71,71,69
71,69,69
69,69,71
69,71,69
71,69,74
69,74,71
74,71,71
71,71,71
71,71,71
71,71,71
71,71,71
71,71,71
71,71,74
71,74,67
74,67,69
67,69,71
69,71,72
71,72,72
72,72,72
72,72,72
72,72,72
72,72,71
72,71,71
71,71,71
71,71,71
71,71,74
71,74,74
74,74,72
74,72,69
72,69,67
69,67,62
67,62,71
62,71,69
71,69,67
69,67,62
67,62,62
62,62,71
62,71,69
71,69,67
69,67,64
67,64,64
64,64,72
64,72,71
72,71,69
71,69,66
69,66,74
66,74,74
74,74,72
74,72,69
72,69,71
69,71,62
71,62,71
62,71,69
71,69,67
69,67,62
67,62,62
62,62,62
62,62,71
62,71,69
71,69,67
69,67,64
67,64,64
64,64,64
64,64,72
64,72,71
72,71,69
71,69,74
69,74,74
74,74,74
74,74,74
74,74,76
74,76,74
76,74,72
74,72,69
72,69,67
69,67,71
67,71,71
71,71,71
71,71,71
71,71,71
71,71,71
71,71,71
71,71,74
71,74,67
74,67,69
67,69,71
69,71,72
71,72,72
72,72,72
72,72,72
72,72,72
72,72,71
72,71,71
71,71,71
71,71,71
71,71,71
71,71,69
71,69,69
69,69,71
69,71,69
71,69,74
69,74,71
74,71,71
71,71,71
71,71,71
71,71,71
71,71,71
71,71,71
71,71,74
71,74,67
74,67,69
67,69,71
69,71,72
71,72,72
72,72,72
72,72,72
72,72,72
72,72,71
72,71,71
71,71,71
71,71,71
71,71,74
71,74,74
74,74,72
74,72,69
72,69,67
69,67,58
67,58,61
58,61,70
61,70,68
70,68,66
68,66,58
66,58,61
58,61,66
61,66,65
66,65,59
65,59,61
59,61,71
61,71,70
71,70,68
70,68,68
68,68,66
68,66,63
66,63,61
63,61,58
61,58,61
58,61,70
61,70,68
70,68,66
68,66,58
66,58,61
58,61,66
61,66,65
66,65,63
65,63,61
63,61,66
61,66,70
66,70,71
70,71,70
71,70,66
70,66,68
66,68,63
68,63,65
63,65,66
65,66,58
66,58,61
58,61,70
61,70,68
70,68,66
68,66,58
66,58,61
58,61,66
61,66,65
66,65,59
65,59,61
59,61,71
61,71,70
71,70,68
70,68,68
68,68,66
68,66,63
66,63,61
63,61,58
61,58,61
58,61,70
61,70,68
70,68,66
68,66,58
66,58,61
58,61,66
61,66,65
66,65,61
65,61,66
61,66,71
66,71,70
71,70,66
70,66,68
66,68,63
68,63,65
63,65,66
65,66,58
66,58,61
58,61,70
61,70,68
70,68,66
68,66,58
66,58,61
58,61,66
61,66,65
66,65,59
65,59,61
59,61,71
61,71,70
71,70,68
70,68,68
68,68,66
68,66,63
66,63,61
63,61,58
61,58,61
58,61,70
61,70,68
70,68,66
68,66,58
66,58,61
58,61,66
61,66,65
66,65,61
65,61,66
61,66,71
66,71,70
71,70,66
70,66,68
66,68,63
68,63,65
63,65,66
65,66,67
66,67,67
67,67,67
67,67,63
67,63,63
63,63,63
63,63,67
63,67,67
67,67,70
67,70,65
70,65,65
65,65,65
65,65,61
65,61,61
61,61,61
61,61,65
61,65,65
65,65,68
65,68,67
68,67,67
67,67,67
67,67,63
67,63,63
63,63,63
63,63,67
63,67,67
67,67,70
67,70,65
70,65,67
65,67,68
67,68,67
68,67,65
67,65,63
65,63,63
63,63,67
63,67,63
67,63,67
63,67,67
67,67,67
67,67,70
67,70,65
70,65,62
65,62,65
62,65,65
65,65,65
65,65,68
65,68,67
68,67,63
67,63,67
63,67,67
67,67,67
67,67,70
67,70,65
70,65,67
65,67,68
67,68,67
68,67,65
67,65,63
65,63,63
63,63,67
63,67,67
67,67,67
67,67,63
67,63,63
63,63,67
63,67,67
67,67,70
67,70,65
70,65,65
65,65,65
65,65,62
65,62,62
62,62,65
62,65,65
65,65,68
65,68,67
68,67,67
67,67,67
67,67,63
67,63,63
63,63,67
63,67,67
67,67,70
67,70,65
70,65,67
65,67,68
67,68,67
68,67,65
67,65,63
65,63,63
63,63,67
63,67,63
67,63,67
63,67,67
67,67,67
67,67,70
67,70,65
70,65,62
65,62,65
62,65,65
65,65,65
65,65,68
65,68,67
68,67,63
67,63,67
63,67,67
67,67,67
67,67,70
67,70,65
70,65,67
65,67,68
67,68,67
68,67,65
67,65,63
65,63,63
63,63,67
63,67,67
67,67,67
67,67,63
67,63,63
63,63,67
63,67,67
67,67,67
67,67,70
67,70,65
70,65,65
65,65,65
65,65,62
65,62,62
62,62,65
62,65,65
65,65,65
65,65,68
65,68,67
68,67,67
67,67,67
67,67,63
67,63,63
63,63,67
63,67,67
67,67,67
67,67,70
67,70,65
70,65,67
65,67,68
67,68,67
68,67,65
67,65,63
65,63,63
63,63,67
63,67,63
67,63,67
63,67,67
67,67,67
67,67,70
67,70,65
70,65,62
65,62,65
62,65,65
65,65,65
65,65,68
65,68,67
68,67,63
67,63,67
63,67,67
67,67,67
67,67,70
67,70,65
70,65,67
65,67,68
67,68,67
68,67,65
67,65,63
65,63,63
63,63,63
63,63,65
63,65,63
65,63,60
63,60,63
60,63,56
63,56,56
56,56,56
56,56,56
56,56,63
56,63,65
63,65,63
65,63,60
63,60,63
60,63,58
63,58,58
58,58,58
58,58,63
58,63,61
63,61,60
61,60,58
60,58,56
58,56,60
56,60,63
60,63,68
63,68,70
68,70,67
70,67,68
67,68,65
68,65,67
65,67,67
67,67,63
67,63,65
63,65,67
65,67,68
67,68,63
68,63,63
63,63,68
63,68,58
68,58,58
58,58,65
58,65,65
65,65,67
65,67,67
67,67,65
67,65,63
65,63,63
63,63,62
63,62,62
62,62,60
62,60,60
60,60,60
60,60,60
60,60,58
60,58,65
58,65,65
65,65,63
65,63,62
63,62,62
62,62,60
62,60,65
60,65,65
65,65,65
65,65,63
65,63,62
63,62,62
62,62,60
62,60,58
60,58,58
58,58,65
58,65,65
65,65,67
65,67,67
67,67,65
67,65,63
65,63,63
63,63,62
63,62,62
62,62,60
62,60,60
60,60,58
60,58,58
58,58,58
58,58,65
58,65,65
65,65,67
65,67,67
67,67,65
67,65,63
65,63,63
63,63,62
63,62,62
62,62,60
62,60,60
60,60,60
60,60,60
60,60,58
60,58,65
58,65,65
65,65,63
65,63,62
63,62,62
62,62,60
62,60,65
60,65,65
65,65,65
65,65,63
65,63,62
63,62,62
62,62,60
62,60,58
60,58,58
58,58,65
58,65,65
65,65,67
65,67,67
67,67,65
67,65,63
65,63,63
63,63,62
63,62,62
62,62,60
62,60,60
60,60,58
60,58,64
58,64,65
64,65,64
65,64,63
64,63,64
63,64,65
64,65,66
65,66,67
66,67,69
67,69,71
69,71,72
71,72,74
72,74,72
74,72,71
72,71,69
71,69,67
69,67,60
67,60,62
60,62,64
62,64,64
64,64,64
64,64,69
64,69,67
69,67,60
67,60,60
60,60,60
60,60,67
60,67,65
67,65,64
65,64,65
64,65,64
65,64,62
64,62,60
62,60,62
60,62,64
62,64,65
64,65,64
65,64,63
64,63,64
63,64,65
64,65,66
65,66,67
66,67,69
67,69,71
69,71,72
71,72,74
72,74,72
74,72,71
72,71,69
71,69,67
69,67,60
67,60,62
60,62,64
62,64,64
64,64,64
64,64,69
64,69,67
69,67,72
67,72,60
72,60,62
60,62,64
62,64,64
64,64,69
64,69,59
69,59,59
59,59,59
59,59,60
59,60,62
60,62,62
62,62,63
62,63,65
63,65,65
65,65,65
65,65,67
65,67,69
67,69,70
69,70,70
70,70,62
70,62,63
62,63,65
63,65,65
65,65,65
65,65,67
65,67,65
67,65,63
65,63,63
63,63,62
63,62,65
62,65,58
65,58,62
58,62,60
62,60,63
60,63,57
63,57,58
57,58,62
58,62,62
62,62,63
62,63,65
63,65,65
65,65,65
65,65,67
65,67,69
67,69,70
69,70,70
70,70,62
70,62,63
62,63,65
63,65,65
65,65,65
65,65,67
65,67,65
67,65,63
65,63,63
63,63,62
63,62,65
62,65,58
65,58,62
58,62,60
62,60,63
60,63,57
63,57,58
57,58,70
58,70,72
70,72,70
72,70,69
70,69,70
69,70,67
70,67,67
67,67,70
67,70,72
70,72,70
72,70,69
70,69,70
69,70,67
70,67,72
67,72,74
72,74,72
74,72,71
72,71,72
71,72,69
72,69,69
69,69,69
69,69,69
69,69,70
69,70,72
70,72,70
72,70,69
70,69,67
69,67,65
67,65,65
65,65,62
65,62,62
62,62,63
62,63,65
63,65,65
65,65,65
65,65,67
65,67,69
67,69,70
69,70,70
70,70,62
70,62,63
62,63,65
63,65,65
65,65,65
65,65,67
65,67,65
67,65,63
65,63,63
63,63,62
63,62,65
62,65,58
65,58,62
58,62,60
62,60,63
60,63,57
63,57,58
57,58,62
58,62,62
62,62,63
62,63,65
63,65,65
65,65,65
65,65,67
65,67,69
67,69,70
69,70,70
70,70,62
70,62,63
62,63,65
63,65,65
65,65,65
65,65,67
65,67,65
67,65,63
65,63,63
63,63,62
63,62,65
62,65,58
65,58,62
58,62,60
62,60,63
60,63,57
63,57,58
57,58,62
58,62,62
62,62,63
62,63,65
63,65,65
65,65,65
65,65,67
65,67,69
67,69,70
69,70,70
70,70,62
70,62,63
62,63,65
63,65,65
65,65,65
65,65,67
65,67,65
67,65,63
65,63,63
63,63,62
63,62,65
62,65,58
65,58,62
58,62,60
62,60,63
60,63,57
63,57,58
57,58,70
58,70,72
70,72,70
72,70,69
70,69,70
69,70,67
70,67,67
67,67,70
67,70,72
70,72,70
72,70,69
70,69,70
69,70,67
70,67,72
67,72,74
72,74,72
74,72,71
72,71,72
71,72,69
72,69,69
69,69,69
69,69,69
69,69,70
69,70,72
70,72,70
72,70,69
70,69,67
69,67,65
67,65,65
65,65,62
65,62,63
62,63,65
63,65,65
65,65,65
65,65,67
65,67,69
67,69,70
69,70,70
70,70,62
70,62,63
62,63,65
63,65,65
65,65,65
65,65,67
65,67,65
67,65,63
65,63,63
63,63,62
63,62,65
62,65,58
65,58,62
58,62,60
62,60,63
60,63,57
63,57,58
57,58,67
58,67,67
67,67,64
67,64,65
64,65,67
65,67,64
67,64,65
64,65,67
65,67,64
67,64,72
64,72,67
72,67,64
67,64,60
64,60,65
60,65,62
65,62,64
62,64,65
64,65,62
65,62,64
62,64,65
64,65,62
65,62,64
62,64,65
64,65,64
65,64,62
64,62,67
62,67,64
67,64,65
64,65,67
65,67,64
67,64,65
64,65,67
65,67,64
67,64,72
64,72,67
72,67,64
67,64,60
64,60,62
60,62,64
62,64,65
64,65,64
65,64,65
64,65,62
65,62,60
62,60,67
60,67,67
67,67,67
67,67,64
67,64,72
64,72,67
72,67,64
67,64,60
64,60,65
60,65,65
65,65,65
65,65,62
65,62,64
62,64,65
64,65,64
65,64,62
64,62,67
62,67,67
67,67,67
67,67,64
67,64,72
64,72,67
72,67,64
67,64,60
64,60,62
60,62,64
62,64,65
64,65,64
65,64,65
64,65,62
65,62,60
62,60,67
60,67,67
67,67,64
67,64,65
64,65,67
65,67,64
67,64,65
64,65,67
65,67,64
67,64,72
64,72,67
72,67,64
67,64,60
64,60,65
60,65,62
65,62,64
62,64,65
64,65,62
65,62,64
62,64,65
64,65,62
65,62,64
62,64,65
64,65,64
65,64,62
64,62,67
62,67,64
67,64,65
64,65,67
65,67,64
67,64,65
64,65,67
65,67,64
67,64,72
64,72,67
72,67,64
67,64,60
64,60,62
60,62,64
62,64,65
64,65,64
65,64,65
64,65,62
65,62,60
62,60,67
60,67,67
67,67,67
67,67,64
67,64,72
64,72,67
72,67,64
67,64,60
64,60,65
60,65,65
65,65,65
65,65,62
65,62,64
62,64,65
64,65,64
65,64,62
64,62,67
62,67,67
67,67,67
67,67,64
67,64,72
64,72,67
72,67,64
67,64,60
64,60,62
60,62,64
62,64,65
64,65,64
65,64,65
64,65,62
65,62,60
62,60,59
60,59,64
59,64,64
64,64,66
64,66,64
66,64,63
64,63,61
63,61,61
61,61,61
61,61,66
61,66,66
66,66,68
66,68,66
68,66,64
66,64,63
64,63,59
63,59,59
59,59,68
59,68,68
68,68,69
68,69,68
69,68,66
68,66,64
66,64,61
64,61,59
61,59,59
59,59,61
59,61,66
61,66,63
66,63,64
63,64,59
64,59,64
59,64,64
64,64,64
64,64,63
64,63,63
63,63,64
63,64,63
64,63,61
63,61,59
61,59,66
59,66,68
66,68,66
68,66,64
66,64,71
64,71,59
71,59,59
59,59,59
59,59,61
59,61,66
61,66,63
66,63,64
63,64,59
64,59,64
59,64,64
64,64,66
64,66,64
66,64,63
64,63,61
63,61,61
61,61,61
61,61,66
61,66,66
66,66,68
66,68,66
68,66,64
66,64,63
64,63,59
63,59,59
59,59,68
59,68,68
68,68,69
68,69,68
69,68,66
68,66,64
66,64,61
64,61,59
61,59,61
59,61,66
61,66,63
66,63,64
63,64,59
64,59,64
59,64,64
64,64,64
64,64,63
64,63,63
63,63,64
63,64,63
64,63,61
63,61,59
61,59,66
59,66,68
66,68,66
68,66,64
66,64,71
64,71,59
71,59,59
59,59,59
59,59,61
59,61,66
61,66,63
66,63,64
63,64,59
64,59,59
59,59,64
59,64,64
64,64,66
64,66,64
66,64,63
64,63,61
63,61,61
61,61,61
61,61,61
61,61,66
61,66,66
66,66,68
66,68,66
68,66,64
66,64,63
64,63,59
63,59,59
59,59,59
59,59,68
59,68,68
68,68,69
68,69,68
69,68,66
68,66,64
66,64,61
64,61,59
61,59,61
59,61,66
61,66,63
66,63,64
63,64,59
64,59,64
59,64,64
64,64,64
64,64,63
64,63,63
63,63,64
63,64,63
64,63,61
63,61,59
61,59,66
59,66,68
66,68,66
68,66,64
66,64,71
64,71,59
71,59,59
59,59,59
59,59,61
59,61,66
61,66,63
66,63,64
63,64,61
64,61,63
61,63,65
63,65,66
65,66,68
66,68,65
68,65,70
65,70,70
70,70,73
70,73,70
73,70,68
70,68,66
68,66,68
66,68,65
68,65,63
65,63,61
63,61,61
61,61,63
61,63,65
63,65,63
65,63,61
63,61,63
61,63,65
63,65,66
65,66,68
66,68,68
68,68,65
68,65,65
65,65,70
65,70,73
70,73,70
73,70,68
70,68,68
68,68,66
68,66,66
66,66,68
66,68,68
68,68,65
68,65,63
65,63,61
63,61,63
61,63,63
63,63,65
63,65,65
65,65,61
65,61,61
61,61,63
61,63,65
63,65,66
65,66,68
66,68,65
68,65,70
65,70,70
70,70,73
70,73,70
73,70,68
70,68,66
68,66,66
66,66,68
66,68,68
68,68,65
68,65,63
65,63,61
63,61,61
61,61,63
61,63,63
63,63,65
63,65,65
65,65,63
65,63,61
63,61,63
61,63,65
63,65,66
65,66,68
66,68,68
68,68,65
68,65,65
65,65,70
65,70,70
70,70,73
70,73,70
73,70,68
70,68,66
68,66,66
66,66,68
66,68,68
68,68,65
68,65,61
65,61,63
61,63,63
63,63,65
63,65,65
65,65,61
65,61,60
61,60,61
60,61,60
61,60,59
60,59,60
59,60,61
60,61,62
61,62,63
62,63,65
63,65,67
65,67,68
67,68,70
68,70,68
70,68,67
68,67,65
67,65,63
65,63,56
63,56,58
56,58,60
58,60,60
60,60,60
60,60,65
60,65,63
65,63,56
63,56,56
56,56,56
56,56,63
56,63,61
63,61,60
61,60,61
60,61,60
61,60,58
60,58,56
58,56,58
56,58,60
58,60,61
60,61,60
61,60,59
60,59,60
59,60,61
60,61,62
61,62,63
62,63,65
63,65,67
65,67,68
67,68,70
68,70,68
70,68,67
68,67,65
67,65,63
65,63,56
63,56,58
56,58,60
58,60,60
60,60,60
60,60,65
60,65,63
65,63,68
63,68,56
68,56,58
56,58,60
58,60,60
60,60,65
60,65,55
65,55,55
55,55,55
55,55,56
55,56,60
56,60,60
60,60,61
60,61,63
61,63,63
63,63,63
63,63,65
63,65,67
65,67,68
67,68,68
68,68,60
68,60,61
60,61,63
61,63,63
63,63,63
63,63,65
63,65,63
65,63,61
63,61,61
61,61,60
61,60,63
60,63,56
63,56,60
56,60,58
60,58,61
58,61,55
61,55,56
55,56,60
56,60,60
60,60,61
60,61,63
61,63,63
63,63,63
63,63,65
63,65,67
65,67,68
67,68,68
68,68,60
68,60,61
60,61,63
61,63,63
63,63,63
63,63,65
63,65,63
65,63,61
63,61,61
61,61,60
61,60,63
60,63,56
63,56,60
56,60,58
60,58,61
58,61,55
61,55,56
55,56,68
56,68,70
68,70,68
70,68,67
68,67,68
67,68,65
68,65,65
65,65,68
65,68,70
68,70,68
70,68,67
68,67,68
67,68,65
68,65,70
65,70,72
70,72,70
72,70,69
70,69,70
69,70,67
70,67,67
67,67,67
67,67,67
67,67,68
67,68,70
68,70,68
70,68,67
68,67,65
67,65,63
65,63,63
63,63,60
63,60,61
60,61,63
61,63,63
63,63,63
63,63,65
63,65,67
65,67,68
67,68,68
68,68,60
68,60,61
60,61,63
61,63,63
63,63,63
63,63,65
63,65,63
65,63,61
63,61,61
61,61,60
61,60,63
60,63,56
63,56,60
56,60,58
60,58,61
58,61,55
61,55,56
55,56,60
56,60,60
60,60,61
60,61,63
61,63,63
63,63,63
63,63,65
63,65,67
65,67,68
67,68,68
68,68,60
68,60,61
60,61,63
61,63,63
63,63,63
63,63,65
63,65,63
65,63,61
63,61,61
61,61,60
61,60,63
60,63,56
63,56,60
56,60,58
60,58,61
58,61,55
61,55,56
55,56,60
56,60,60
60,60,61
60,61,63
61,63,63
63,63,63
63,63,65
63,65,67
65,67,68
67,68,68
68,68,60
68,60,61
60,61,63
61,63,63
63,63,63
63,63,65
63,65,63
65,63,61
63,61,61
61,61,60
61,60,63
60,63,56
63,56,60
56,60,58
60,58,61
58,61,55
61,55,56
55,56,68
56,68,70
68,70,68
70,68,67
68,67,68
67,68,65
68,65,65
65,65,68
65,68,70
68,70,68
70,68,67
68,67,68
67,68,65
68,65,70
65,70,72
70,72,70
72,70,69
70,69,70
69,70,67
70,67,67
67,67,67
67,67,67
67,67,68
67,68,70
68,70,68
70,68,67
68,67,65
67,65,63
65,63,63
63,63,60
63,60,61
60,61,63
61,63,63
63,63,63
63,63,65
63,65,67
65,67,68
67,68,68
68,68,60
68,60,61
60,61,63
61,63,63
63,63,63
63,63,65
63,65,63
65,63,61
63,61,61
61,61,60
61,60,63
60,63,56
63,56,60
56,60,58
60,58,61
58,61,55
61,55,56
55,56,64
56,64,64
64,64,61
64,61,62
61,62,64
62,64,61
64,61,62
61,62,64
62,64,61
64,61,69
61,69,64
69,64,61
64,61,57
61,57,62
57,62,59
62,59,61
59,61,62
61,62,59
62,59,61
59,61,62
61,62,59
62,59,61
59,61,62
61,62,61
62,61,59
61,59,64
59,64,61
64,61,62
61,62,64
62,64,61
64,61,62
61,62,64
62,64,61
64,61,69
61,69,64
69,64,61
64,61,57
61,57,59
57,59,61
59,61,62
61,62,61
62,61,62
61,62,59
62,59,57
59,57,64
57,64,64
64,64,64
64,64,61
64,61,69
61,69,64
69,64,61
64,61,57
61,57,62
57,62,62
62,62,62
62,62,59
62,59,61
59,61,62
61,62,61
62,61,59
61,59,64
59,64,64
64,64,64
64,64,61
64,61,69
61,69,64
69,64,61
64,61,57
61,57,59
57,59,61
59,61,62
61,62,61
62,61,62
61,62,59
62,59,57
59,57,64
57,64,64
64,64,61
64,61,62
61,62,64
62,64,61
64,61,62
61,62,64
62,64,61
64,61,69
61,69,64
69,64,61
64,61,57
61,57,62
57,62,59
62,59,61
59,61,62
61,62,59
62,59,61
59,61,62
61,62,59
62,59,61
59,61,62
61,62,61
62,61,59
61,59,64
59,64,61
64,61,62
61,62,64
62,64,61
64,61,62
61,62,64
62,64,61
64,61,69
61,69,64
69,64,61
64,61,57
61,57,59
57,59,61
59,61,62
61,62,61
62,61,62
61,62,59
62,59,57
59,57,64
57,64,64
64,64,64
64,64,61
64,61,69
61,69,64
69,64,61
64,61,57
61,57,62
57,62,62
62,62,62
62,62,59
62,59,61
59,61,62
61,62,61
62,61,59
61,59,64
59,64,64
64,64,64
64,64,61
64,61,69
61,69,64
69,64,61
64,61,57
61,57,59
57,59,61
59,61,62
61,62,61
62,61,62
61,62,59
62,59,57
59,57,61
57,61,66
61,66,66
66,66,68
66,68,66
68,66,66
66,66,63
66,63,63
63,63,63
63,63,68
63,68,68
68,68,70
68,70,68
70,68,66
68,66,65
66,65,61
65,61,61
61,61,70
61,70,70
70,70,71
70,71,70
71,70,68
70,68,66
68,66,63
66,63,61
63,61,61
61,61,63
61,63,68
63,68,65
68,65,66
65,66,61
66,61,66
61,66,66
66,66,66
66,66,65
66,65,65
65,65,66
65,66,65
66,65,63
65,63,61
63,61,68
61,68,70
68,70,68
70,68,66
68,66,73
66,73,61
73,61,61
61,61,61
61,61,63
61,63,68
63,68,65
68,65,66
65,66,61
66,61,66
61,66,66
66,66,68
66,68,66
68,66,65
66,65,63
65,63,63
63,63,63
63,63,68
63,68,68
68,68,70
68,70,68
70,68,66
68,66,65
66,65,61
65,61,61
61,61,70
61,70,70
70,70,71
70,71,70
71,70,68
70,68,66
68,66,63
66,63,61
63,61,63
61,63,68
63,68,65
68,65,66
65,66,61
66,61,66
61,66,66
66,66,66
66,66,65
66,65,65
65,65,66
65,66,65
66,65,63
65,63,61
63,61,68
61,68,70
68,70,68
70,68,66
68,66,73
66,73,61
73,61,61
61,61,61
61,61,63
61,63,68
63,68,65
68,65,66
65,66,61
66,61,61
61,61,66
61,66,66
66,66,68
66,68,66
68,66,65
66,65,63
65,63,63
63,63,63
63,63,63
63,63,68
63,68,68
68,68,70
68,70,68
70,68,66
68,66,65
66,65,61
65,61,61
61,61,61
61,61,70
61,70,70
70,70,71
70,71,70
71,70,68
70,68,66
68,66,63
66,63,61
63,61,63
61,63,68
63,68,65
68,65,66
65,66,61
66,61,66
61,66,66
66,66,66
66,66,65
66,65,65
65,65,66
65,66,65
66,65,63
65,63,61
63,61,68
61,68,70
68,70,68
70,68,66
68,66,73
66,73,61
73,61,61
61,61,61
61,61,63
61,63,68
63,68,65
68,65,66
65,66,58
66,58,60
58,60,62
60,62,63
62,63,65
63,65,62
65,62,67
62,67,67
67,67,70
67,70,67
70,67,65
67,65,63
65,63,65
63,65,62
65,62,60
62,60,58
60,58,58
58,58,60
58,60,62
60,62,60
62,60,58
60,58,60
58,60,62
60,62,63
62,63,65
63,65,65
65,65,62
65,62,62
62,62,67
62,67,70
67,70,67
70,67,65
67,65,65
65,65,63
65,63,63
63,63,65
63,65,65
65,65,62
65,62,60
62,60,58
60,58,60
58,60,60
60,60,62
60,62,62
62,62,58
62,58,58
58,58,60
58,60,62
60,62,63
62,63,65
63,65,62
65,62,67
62,67,67
67,67,70
67,70,67
70,67,65
67,65,63
65,63,63
63,63,65
63,65,65
65,65,62
65,62,60
62,60,58
60,58,58
58,58,60
58,60,60
60,60,62
60,62,62
62,62,60
62,60,58
60,58,60
58,60,62
60,62,63
62,63,65
63,65,65
65,65,62
65,62,62
62,62,67
62,67,67
67,67,70
67,70,67
70,67,65
67,65,63
65,63,63
63,63,65
63,65,65
65,65,62
65,62,58
62,58,60
58,60,60
60,60,62
60,62,62
62,62,58
62,58,63
58,63,63
63,63,67
63,67,70
67,70,70
70,70,70
70,70,67
70,67,72
67,72,72
72,72,68
72,68,70
68,70,70
70,70,68
70,68,68
68,68,65
68,65,67
65,67,67
67,67,67
67,67,63
67,63,65
63,65,65
65,65,65
65,65,62
65,62,63
62,63,63
63,63,63
63,63,67
63,67,70
67,70,70
70,70,72
70,72,72
72,72,70
72,70,70
70,70,68
70,68,68
68,68,65
68,65,67
65,67,67
67,67,63
67,63,65
63,65,62
65,62,63
62,63,70
63,70,67
70,67,63
67,63,63
63,63,67
63,67,65
67,65,65
65,65,62
65,62,58
62,58,70
58,70,67
70,67,63
67,63,63
63,63,67
63,67,65
67,65,65
65,65,62
65,62,58
62,58,63
58,63,63
63,63,67
63,67,70
67,70,70
70,70,70
70,70,67
70,67,72
67,72,72
72,72,68
72,68,70
68,70,70
70,70,68
70,68,68
68,68,65
68,65,67
65,67,67
67,67,67
67,67,63
67,63,65
63,65,65
65,65,62
65,62,63
62,63,63
63,63,63
63,63,67
63,67,70
67,70,70
70,70,70
70,70,67
70,67,72
67,72,72
72,72,68
72,68,70
68,70,70
70,70,68
70,68,68
68,68,65
68,65,67
65,67,67
67,67,67
67,67,65
67,65,65
65,65,65
65,65,62
65,62,63
62,63,63
63,63,63
63,63,67
63,67,70
67,70,70
70,70,72
70,72,72
72,72,70
72,70,70
70,70,68
70,68,68
68,68,65
68,65,67
65,67,67
67,67,63
67,63,65
63,65,62
65,62,63
62,63,70
63,70,67
70,67,63
67,63,63
63,63,67
63,67,65
67,65,65
65,65,62
65,62,58
62,58,70
58,70,67
70,67,63
67,63,63
63,63,67
63,67,65
67,65,65
65,65,62
65,62,58
62,58,63
58,63,63
63,63,67
63,67,70
67,70,70
70,70,70
70,70,67
70,67,72
67,72,72
72,72,68
72,68,70
68,70,70
70,70,68
70,68,68
68,68,65
68,65,67
65,67,67
67,67,67
67,67,63
67,63,65
63,65,65
65,65,62
65,62,63
62,63,55
63,55,60
55,60,60
60,60,62
60,62,64
62,64,60
64,60,60
60,60,59
60,59,57
59,57,62
57,62,62
62,62,60
62,60,59
60,59,55
59,55,55
55,55,55
55,55,60
55,60,60
60,60,63
60,63,64
63,64,60
64,60,60
60,60,60
60,60,62
60,62,62
62,62,54
62,54,55
54,55,60
55,60,55
60,55,60
55,60,60
60,60,62
60,62,64
62,64,60
64,60,60
60,60,59
60,59,57
59,57,62
57,62,62
62,62,60
62,60,59
60,59,55
59,55,55
55,55,55
55,55,60
55,60,60
60,60,62
60,62,64
62,64,60
64,60,60
60,60,60
60,60,62
60,62,62
62,62,55
62,55,55
55,55,60
55,60,56
60,56,60
56,60,60
60,60,62
60,62,64
62,64,60
64,60,60
60,60,59
60,59,57
59,57,62
57,62,62
62,62,60
62,60,59
60,59,55
59,55,55
55,55,55
55,55,60
55,60,60
60,60,62
60,62,64
62,64,60
64,60,60
60,60,60
60,60,62
60,62,62
62,62,55
62,55,55
55,55,60
55,60,55
60,55,60
55,60,60
60,60,62
60,62,64
62,64,60
64,60,60
60,60,59
60,59,57
59,57,62
57,62,62
62,62,60
62,60,59
60,59,55
59,55,55
55,55,55
55,55,60
55,60,60
60,60,63
60,63,64
63,64,60
64,60,60
60,60,60
60,60,62
60,62,62
62,62,55
62,55,55
55,55,60
55,60,55
60,55,60
55,60,60
60,60,62
60,62,64
62,64,60
64,60,60
60,60,59
60,59,57
59,57,62
57,62,62
62,62,60
62,60,59
60,59,55
59,55,55
55,55,55
55,55,60
55,60,60
60,60,62
60,62,64
62,64,60
64,60,60
60,60,60
60,60,62
60,62,62
62,62,55
62,55,55
55,55,60
55,60,56
60,56,60
56,60,60
60,60,62
60,62,64
62,64,60
64,60,60
60,60,59
60,59,57
59,57,62
57,62,62
62,62,60
62,60,59
60,59,55
59,55,55
55,55,55
55,55,60
55,60,60
60,60,62
60,62,64
62,64,60
64,60,60
60,60,60
60,60,62
60,62,62
62,62,55
62,55,55
55,55,60
55,60,58
60,58,58
58,58,63
58,63,63
63,63,63
63,63,63
63,63,63
63,63,62
63,62,63
62,63,65
63,65,58
65,58,58
58,58,65
58,65,65
65,65,65
65,65,65
65,65,65
65,65,63
65,63,65
63,65,67
65,67,67
67,67,67
67,67,68
67,68,68
68,68,68
68,68,68
68,68,60
68,60,68
60,68,68
68,68,67
68,67,67
67,67,67
67,67,65
67,65,63
65,63,63
63,63,63
63,63,67
63,67,65
67,65,65
65,65,65
65,65,63
65,63,62
63,62,60
62,60,62
60,62,63
62,63,58
63,58,58
58,58,63
58,63,63
63,63,63
63,63,63
63,63,63
63,63,62
63,62,63
62,63,65
63,65,58
65,58,58
58,58,65
58,65,65
65,65,65
65,65,65
65,65,65
65,65,63
65,63,65
63,65,67
65,67,67
67,67,67
67,67,68
67,68,68
68,68,68
68,68,68
68,68,60
68,60,68
60,68,68
68,68,67
68,67,67
67,67,67
67,67,65
67,65,63
65,63,63
63,63,63
63,63,67
63,67,65
67,65,65
65,65,65
65,65,63
65,63,62
63,62,60
62,60,62
60,62,63
62,63,58
63,58,58
58,58,63
58,63,63
63,63,63
63,63,63
63,63,63
63,63,62
63,62,63
62,63,65
63,65,58
65,58,58
58,58,65
58,65,65
65,65,65
65,65,65
65,65,65
65,65,63
65,63,65
63,65,67
65,67,67
67,67,67
67,67,68
67,68,68
68,68,68
68,68,68
68,68,60
68,60,68
60,68,68
68,68,67
68,67,67
67,67,67
67,67,65
67,65,63
65,63,63
63,63,63
63,63,67
63,67,65
67,65,65
65,65,65
65,65,63
65,63,62
63,62,60
62,60,62
60,62,63
62,63,57
63,57,59
57,59,61
59,61,57
61,57,61
57,61,57
61,57,61
57,61,59
61,59,61
59,61,62
61,62,62
62,62,61
62,61,59
61,59,62
59,62,61
62,61,62
61,62,64
62,64,61
64,61,64
61,64,61
64,61,64
61,64,62
64,62,64
62,64,66
64,66,66
66,66,64
66,64,62
64,62,66
62,66,64
66,64,57
64,57,59
57,59,61
59,61,62
61,62,64
62,64,66
64,66,66
66,66,59
66,59,61
59,61,63
61,63,64
63,64,66
64,66,68
66,68,68
68,68,61
68,61,63
61,63,65
63,65,66
65,66,68
66,68,69
68,69,69
69,69,68
69,68,66
68,66,62
66,62,68
62,68,64
68,64,69
64,69,57
69,57,59
57,59,61
59,61,57
61,57,61
57,61,57
61,57,61
57,61,59
61,59,61
59,61,62
61,62,62
62,62,61
62,61,59
61,59,62
59,62,61
62,61,62
61,62,64
62,64,61
64,61,64
61,64,61
64,61,64
61,64,62
64,62,64
62,64,66
64,66,66
66,66,64
66,64,62
64,62,66
62,66,64
66,64,57
64,57,59
57,59,61
59,61,62
61,62,64
62,64,66
64,66,66
66,66,59
66,59,61
59,61,63
61,63,64
63,64,66
64,66,68
66,68,68
68,68,61
68,61,63
61,63,65
63,65,66
65,66,68
66,68,69
68,69,69
69,69,68
69,68,66
68,66,62
66,62,68
62,68,64
68,64,69
64,69,64
69,64,57
64,57,66
57,66,62
66,62,61
62,61,57
61,57,59
57,59,64
59,64,57
64,57,66
57,66,68
66,68,69
68,69,71
69,71,69
71,69,57
69,57,59
57,59,61
59,61,57
61,57,61
57,61,57
61,57,61
57,61,59
61,59,61
59,61,62
61,62,62
62,62,61
62,61,59
61,59,62
59,62,61
62,61,62
61,62,64
62,64,61
64,61,64
61,64,61
64,61,64
61,64,62
64,62,64
62,64,66
64,66,66
66,66,64
66,64,62
64,62,66
62,66,64
66,64,57
64,57,59
57,59,61
59,61,62
61,62,64
62,64,66
64,66,66
66,66,59
66,59,61
59,61,63
61,63,64
63,64,66
64,66,68
66,68,68
68,68,61
68,61,63
61,63,65
63,65,66
65,66,68
66,68,69
68,69,69
69,69,68
69,68,66
68,66,62
66,62,68
62,68,64
68,64,69
64,69,62
69,62,62
62,62,62
62,62,57
62,57,66
57,66,66
66,66,66
66,66,62
66,62,62
62,62,66
62,66,69
66,69,69
69,69,67
69,67,66
67,66,64
66,64,64
64,64,66
64,66,67
66,67,67
67,67,66
67,66,64
66,64,66
64,66,62
66,62,62
62,62,66
62,66,64
66,64,57
64,57,61
57,61,64
61,64,62
64,62,62
62,62,62
62,62,62
62,62,57
62,57,66
57,66,66
66,66,66
66,66,62
66,62,62
62,62,66
62,66,69
66,69,69
69,69,67
69,67,66
67,66,64
66,64,64
64,64,66
64,66,67
66,67,67
67,67,66
67,66,64
66,64,66
64,66,62
66,62,62
62,62,66
62,66,64
66,64,57
64,57,61
57,61,64
61,64,62
64,62,62
62,62,62
62,62,62
62,62,57
62,57,66
57,66,66
66,66,66
66,66,62
66,62,62
62,62,66
62,66,69
66,69,69
69,69,67
69,67,66
67,66,64
66,64,64
64,64,66
64,66,67
66,67,67
67,67,66
67,66,64
66,64,66
64,66,62
66,62,62
62,62,66
62,66,64
66,64,57
64,57,61
57,61,64
61,64,62
64,62,62
62,62,62
62,62,62
62,62,57
62,57,66
57,66,66
66,66,66
66,66,62
66,62,62
62,62,66
62,66,69
66,69,69
69,69,67
69,67,66
67,66,64
66,64,64
64,64,66
64,66,67
66,67,67
67,67,66
67,66,64
66,64,66
64,66,62
66,62,62
62,62,66
62,66,64
66,64,57
64,57,61
57,61,64
61,64,62
64,62,69
62,69,69
69,69,66
69,66,64
66,64,62
64,62,64
62,64,62
64,62,62
62,62,59
62,59,62
59,62,59
62,59,57
59,57,62
57,62,66
62,66,69
66,69,64
69,64,69
64,69,69
69,69,66
69,66,64
66,64,62
64,62,64
62,64,62
64,62,62
62,62,59
62,59,62
59,62,59
62,59,59
59,59,57
59,57,62
57,62,66
62,66,69
66,69,64
69,64,66
64,66,62
66,62,62
62,62,71
62,71,71
71,71,71
71,71,67
71,67,71
67,71,71
71,71,69
71,69,66
69,66,69
66,69,66
69,66,64
66,64,69
64,69,69
69,69,68
69,68,73
68,73,71
73,71,69
71,69,69
69,69,69
69,69,66
69,66,64
66,64,62
64,62,64
62,64,62
64,62,62
62,62,59
62,59,62
59,62,59
62,59,57
59,57,62
57,62,66
62,66,69
66,69,64
69,64,66
64,66,62
66,62,69
62,69,69
69,69,66
69,66,64
66,64,62
64,62,64
62,64,62
64,62,62
62,62,59
62,59,62
59,62,59
62,59,59
59,59,57
59,57,62
57,62,62
62,62,66
62,66,69
66,69,69
69,69,64
69,64,69
64,69,69
69,69,66
69,66,64
66,64,62
64,62,64
62,64,62
64,62,62
62,62,59
62,59,62
59,62,59
62,59,57
59,57,62
57,62,66
62,66,69
66,69,64
69,64,66
64,66,62
66,62,62
62,62,71
62,71,71
71,71,71
71,71,67
71,67,71
67,71,71
71,71,69
71,69,66
69,66,69
66,69,66
69,66,64
66,64,69
64,69,69
69,69,69
69,69,68
69,68,73
68,73,71
73,71,69
71,69,69
69,69,69
69,69,69
69,69,66
69,66,64
66,64,62
64,62,64
62,64,62
64,62,59
62,59,62
59,62,59
62,59,57
59,57,62
57,62,66
62,66,69
66,69,64
69,64,66
64,66,62
66,62,59
62,59,59
59,59,63
59,63,66
63,66,66
66,66,66
66,66,63
66,63,68
63,68,68
68,68,64
68,64,66
64,66,66
66,66,64
66,64,64
64,64,61
64,61,63
61,63,63
63,63,63
63,63,59
63,59,61
59,61,61
61,61,61
61,61,58
61,58,59
58,59,59
59,59,59
59,59,63
59,63,66
63,66,66
66,66,68
66,68,68
68,68,66
68,66,66
66,66,64
66,64,64
64,64,61
64,61,63
61,63,63
63,63,59
63,59,61
59,61,58
61,58,59
58,59,66
59,66,63
66,63,59
63,59,59
59,59,63
59,63,61
63,61,61
61,61,58
61,58,54
58,54,66
54,66,63
66,63,59
63,59,59
59,59,63
59,63,61
63,61,61
61,61,58
61,58,54
58,54,59
54,59,59
59,59,63
59,63,66
63,66,66
66,66,66
66,66,63
66,63,68
63,68,68
68,68,64
68,64,66
64,66,66
66,66,64
66,64,64
64,64,61
64,61,63
61,63,63
63,63,63
63,63,59
63,59,61
59,61,61
61,61,58
61,58,59
58,59,59
59,59,59
59,59,63
59,63,66
63,66,66
66,66,66
66,66,63
66,63,68
63,68,68
68,68,64
68,64,66
64,66,66
66,66,64
66,64,64
64,64,61
64,61,63
61,63,63
63,63,63
63,63,61
63,61,61
61,61,61
61,61,58
61,58,59
58,59,59
59,59,59
59,59,63
59,63,66
63,66,66
66,66,68
66,68,68
68,68,66
68,66,66
66,66,64
66,64,64
64,64,61
64,61,63
61,63,63
63,63,59
63,59,61
59,61,58
61,58,59
58,59,66
59,66,63
66,63,59
63,59,59
59,59,63
59,63,61
63,61,61
61,61,58
61,58,54
58,54,66
54,66,63
66,63,59
63,59,59
59,59,63
59,63,61
63,61,61
61,61,58
61,58,54
58,54,59
54,59,59
59,59,63
59,63,66
63,66,66
66,66,66
66,66,63
66,63,68
63,68,68
68,68,64
68,64,66
64,66,66
66,66,64
66,64,64
64,64,61
64,61,63
61,63,63
63,63,63
63,63,59
63,59,61
59,61,61
61,61,58
61,58,59
58,59,58
59,58,63
58,63,63
63,63,65
63,65,67
65,67,63
67,63,63
63,63,62
63,62,60
62,60,65
60,65,65
65,65,63
65,63,62
63,62,58
62,58,58
58,58,58
58,58,63
58,63,63
63,63,66
63,66,67
66,67,63
67,63,63
63,63,63
63,63,65
63,65,65
65,65,58
65,58,58
58,58,63
58,63,58
63,58,63
58,63,63
63,63,65
63,65,67
65,67,63
67,63,63
63,63,62
63,62,60
62,60,65
60,65,65
65,65,63
65,63,62
63,62,58
62,58,58
58,58,58
58,58,63
58,63,63
63,63,65
63,65,67
65,67,63
67,63,63
63,63,63
63,63,65
63,65,65
65,65,58
65,58,58
58,58,63
58,63,59
63,59,63
59,63,63
63,63,65
63,65,67
65,67,63
67,63,63
63,63,62
63,62,60
62,60,65
60,65,65
65,65,63
65,63,62
63,62,58
62,58,58
58,58,58
58,58,63
58,63,63
63,63,65
63,65,67
65,67,63
67,63,63
63,63,63
63,63,65
63,65,65
65,65,58
65,58,58
58,58,63
58,63,58
63,58,63
58,63,63
63,63,65
63,65,67
65,67,63
67,63,63
63,63,62
63,62,60
62,60,65
60,65,65
65,65,63
65,63,62
63,62,58
62,58,58
58,58,58
58,58,63
58,63,63
63,63,66
63,66,67
66,67,63
67,63,63
63,63,63
63,63,65
63,65,65
65,65,58
65,58,58
58,58,63
58,63,58
63,58,63
58,63,63
63,63,65
63,65,67
65,67,63
67,63,63
63,63,62
63,62,60
62,60,65
60,65,65
65,65,63
65,63,62
63,62,58
62,58,58
58,58,58
58,58,63
58,63,63
63,63,65
63,65,67
65,67,63
67,63,63
63,63,63
63,63,65
63,65,65
65,65,58
65,58,58
58,58,63
58,63,59
63,59,63
59,63,63
63,63,65
63,65,67
65,67,63
67,63,63
63,63,62
63,62,60
62,60,65
60,65,65
65,65,63
65,63,62
63,62,58
62,58,58
58,58,58
58,58,63
58,63,63
63,63,65
63,65,67
65,67,63
67,63,63
63,63,63
63,63,65
63,65,65
65,65,58
65,58,58
58,58,63
58,63,62
63,62,62
62,62,67
62,67,67
67,67,67
67,67,67
67,67,67
67,67,66
67,66,67
66,67,69
67,69,62
69,62,62
62,62,69
62,69,69
69,69,69
69,69,69
69,69,69
69,69,67
69,67,69
67,69,71
69,71,71
71,71,71
71,71,72
71,72,72
72,72,72
72,72,72
72,72,64
72,64,72
64,72,72
72,72,71
72,71,71
71,71,71
71,71,69
71,69,67
69,67,67
67,67,67
67,67,71
67,71,69
71,69,69
69,69,69
69,69,67
69,67,66
67,66,64
66,64,66
64,66,67
66,67,62
67,62,62
62,62,67
62,67,67
67,67,67
67,67,67
67,67,67
67,67,66
67,66,67
66,67,69
67,69,62
69,62,62
62,62,69
62,69,69
69,69,69
69,69,69
69,69,69
69,69,67
69,67,69
67,69,71
69,71,71
71,71,71
71,71,72
71,72,72
72,72,72
72,72,72
72,72,64
72,64,72
64,72,72
72,72,71
72,71,71
71,71,71
71,71,69
71,69,67
69,67,67
67,67,67
67,67,71
67,71,69
71,69,69
69,69,69
69,69,67
69,67,66
67,66,64
66,64,66
64,66,67
66,67,62
67,62,62
62,62,67
62,67,67
67,67,67
67,67,67
67,67,67
67,67,66
67,66,67
66,67,69
67,69,62
69,62,62
62,62,69
62,69,69
69,69,69
69,69,69
69,69,69
69,69,67
69,67,69
67,69,71
69,71,71
71,71,71
71,71,72
71,72,72
72,72,72
72,72,72
72,72,64
72,64,72
64,72,72
72,72,71
72,71,71
71,71,71
71,71,69
71,69,67
69,67,67
67,67,67
67,67,71
67,71,69
71,69,69
69,69,69
69,69,67
69,67,66
67,66,64
66,64,66
64,66,67
66,67,60
67,60,62
60,62,64
62,64,60
64,60,64
60,64,60
64,60,64
60,64,62
64,62,64
62,64,65
64,65,65
65,65,64
65,64,62
64,62,65
62,65,64
65,64,65
64,65,67
65,67,64
67,64,67
64,67,64
67,64,67
64,67,65
67,65,67
65,67,69
67,69,69
69,69,67
69,67,65
67,65,69
65,69,67
69,67,60
67,60,62
60,62,64
62,64,65
64,65,67
65,67,69
67,69,69
69,69,62
69,62,64
62,64,66
64,66,67
66,67,69
67,69,71
69,71,71
71,71,64
71,64,66
64,66,68
66,68,69
68,69,71
69,71,72
71,72,72
72,72,71
72,71,69
71,69,65
69,65,71
65,71,67
71,67,72
67,72,60
72,60,62
60,62,64
62,64,60
64,60,64
60,64,60
64,60,64
60,64,62
64,62,64
62,64,65
64,65,65
65,65,64
65,64,62
64,62,65
62,65,64
65,64,65
64,65,67
65,67,64
67,64,67
64,67,64
67,64,67
64,67,65
67,65,67
65,67,69
67,69,69
69,69,67
69,67,65
67,65,69
65,69,67
69,67,60
67,60,62
60,62,64
62,64,65
64,65,67
65,67,69
67,69,69
69,69,62
69,62,64
62,64,66
64,66,67
66,67,69
67,69,71
69,71,71
71,71,64
71,64,66
64,66,68
66,68,69
68,69,71
69,71,72
71,72,72
72,72,71
72,71,69
71,69,65
69,65,71
65,71,67
71,67,72
67,72,67
72,67,60
67,60,69
60,69,65
69,65,64
65,64,60
64,60,62
60,62,67
62,67,60
67,60,69
60,69,71
69,71,72
71,72,74
72,74,72
74,72,60
72,60,62
60,62,64
62,64,60
64,60,64
60,64,60
64,60,64
60,64,62
64,62,64
62,64,65
64,65,65
65,65,64
65,64,62
64,62,65
62,65,64
65,64,65
64,65,67
65,67,64
67,64,67
64,67,64
67,64,67
64,67,65
67,65,67
65,67,69
67,69,69
69,69,67
69,67,65
67,65,69
65,69,67
69,67,60
67,60,62
60,62,64
62,64,65
64,65,67
65,67,69
67,69,69
69,69,62
69,62,64
62,64,66
64,66,67
66,67,69
67,69,71
69,71,71
71,71,64
71,64,66
64,66,68
66,68,69
68,69,71
69,71,72
71,72,72
72,72,71
72,71,69
71,69,65
69,65,71
65,71,67
71,67,72
67,72,65
72,65,65
65,65,65
65,65,60
65,60,69
60,69,69
69,69,69
69,69,65
69,65,65
65,65,69
65,69,72
69,72,72
72,72,70
72,70,69
70,69,67
69,67,67
67,67,69
67,69,70
69,70,70
70,70,69
70,69,67
69,67,69
67,69,65
69,65,65
65,65,69
65,69,67
69,67,60
67,60,64
60,64,67
64,67,65
67,65,65
65,65,65
65,65,65
65,65,60
65,60,69
60,69,69
69,69,69
69,69,65
69,65,65
65,65,69
65,69,72
69,72,72
72,72,70
72,70,69
70,69,67
69,67,67
67,67,69
67,69,70
69,70,70
70,70,69
70,69,67
69,67,69
67,69,65
69,65,65
65,65,69
65,69,67
69,67,60
67,60,64
60,64,67
64,67,65
67,65,65
65,65,65
65,65,65
65,65,60
65,60,69
60,69,69
69,69,69
69,69,65
69,65,65
65,65,69
65,69,72
69,72,72
72,72,70
72,70,69
70,69,67
69,67,67
67,67,69
67,69,70
69,70,70
70,70,69
70,69,67
69,67,69
67,69,65
69,65,65
65,65,69
65,69,67
69,67,60
67,60,64
60,64,67
64,67,65
67,65,65
65,65,65
65,65,65
65,65,60
65,60,69
60,69,69
69,69,69
69,69,65
69,65,65
65,65,69
65,69,72
69,72,72
72,72,70
72,70,69
70,69,67
69,67,67
67,67,69
67,69,70
69,70,70
70,70,69
70,69,67
69,67,69
67,69,65
69,65,65
65,65,69
65,69,67
69,67,60
67,60,64
60,64,67
64,67,65
67,65,66
65,66,66
66,66,63
66,63,61
63,61,59
61,59,61
59,61,59
61,59,59
59,59,56
59,56,59
56,59,56
59,56,54
56,54,59
54,59,63
59,63,66
63,66,61
66,61,66
61,66,66
66,66,63
66,63,61
63,61,59
61,59,61
59,61,59
61,59,59
59,59,56
59,56,59
56,59,56
59,56,54
56,54,59
54,59,63
59,63,66
63,66,61
66,61,63
61,63,59
63,59,59
59,59,68
59,68,68
68,68,68
68,68,64
68,64,68
64,68,68
68,68,66
68,66,63
66,63,66
63,66,63
66,63,61
63,61,66
61,66,66
66,66,65
66,65,70
65,70,68
70,68,66
68,66,66
66,66,66
66,66,63
66,63,61
63,61,59
61,59,61
59,61,59
61,59,59
59,59,56
59,56,59
56,59,56
59,56,54
56,54,59
54,59,63
59,63,66
63,66,61
66,61,63
61,63,59
63,59,66
59,66,66
66,66,63
66,63,61
63,61,59
61,59,61
59,61,59
61,59,59
59,59,56
59,56,59
56,59,56
59,56,56
56,56,54
56,54,59
54,59,59
59,59,63
59,63,66
63,66,66
66,66,61
66,61,66
61,66,66
66,66,63
66,63,61
63,61,59
61,59,61
59,61,59
61,59,59
59,59,56
59,56,59
56,59,56
59,56,54
56,54,59
54,59,63
59,63,66
63,66,61
66,61,63
61,63,59
63,59,59
59,59,68
59,68,68
68,68,68
68,68,64
68,64,68
64,68,68
68,68,66
68,66,63
66,63,66
63,66,63
66,63,61
63,61,66
61,66,66
66,66,66
66,66,65
66,65,70
65,70,68
70,68,66
68,66,66
66,66,66
66,66,66
66,66,63
66,63,61
63,61,59
61,59,61
59,61,59
61,59,56
59,56,59
56,59,56
59,56,54
56,54,59
54,59,63
59,63,66
63,66,61
66,61,63
61,63,59
